song_idx,song,artist,decade,topic
0,Poor Little Fool,Ricky Nelson,1950,Lost Love
1,Nel Blu Dipinto Di Blu,Domenico Modugno,1950,Flying
1,Nel Blu Dipinto Di Blu,Domenico Modugno,1950,Dreaming
2,Little Star,The Elegants,1950,Longing for Love
3,It's All in the Game,Tommy Edwards,1950,Love
4,It's Only Make Believe,Conway Twitty,1950,Lost Love
5,Tom Dooley,The Kingston Trio,1950,Murder
5,Tom Dooley,The Kingston Trio,1950,Death
6,To Know Him is to Love Him,The Teddy Bears,1950,Longing for Love
7,The Chipmunk Song,The Chipmunks,1950,Christmas
8,Smoke Gets in Your Eyes,The Platters,1950,Lost Love
9,Stagger Lee,Lloyd Price,1950,Murder
9,Stagger Lee,Lloyd Price,1950,Death
10,Venus,Frankie Avalon,1950,Longing for Love
11,Come Softly to Me,The Fleetwoods,1950,Longing for Love
13,Kansas City,Wilbert Harrison,1950,Lust/Sex
14,The Battle of New Orleans,Johnny Horton,1950,War
15,Lonely Boy,Paul Anka,1950,Longing for Love
16,Big Hunk o' Love,Elvis Presley,1950,Lust/Sex
17,The Three Bells (Les Trois Cloches),The Browns,1950,Life
17,The Three Bells (Les Trois Cloches),The Browns,1950,Death
19,Mack the Knife,Bobby Darin,1950,Murder
19,Mack the Knife,Bobby Darin,1950,Death
20,Mr. Blue,The Fleetwoods,1950,Lost Love
21,Heartaches by the Number,Guy Mitchell,1950,Lost Love
22,Why,Frankie Avalon,1950,Love
23,El Paso,Marty Robbins,1960,Love
23,El Paso,Marty Robbins,1960,Murder
23,El Paso,Marty Robbins,1960,Death
24,Running Bear,Johnny Preston,1960,Love
24,Running Bear,Johnny Preston,1960,Death
25,Teen Angel,Mark Dinning,1960,Love
25,Teen Angel,Mark Dinning,1960,Death
27,Stuck on You,Elvis Presley,1960,Lust/Sex
28,Cathy's Clown,The Everly Brothers,1960,Bad Relationships
28,Cathy's Clown,The Everly Brothers,1960,Lost Love
29,Everybody's Somebody's Fool,Connie Francis,1960,Bad Relationships
29,Everybody's Somebody's Fool,Connie Francis,1960,Lost Love
30,Alley Oop,The Hollywood Argyles,1960,Bad Behavior
31,I'm Sorry,Brenda Lee,1960,Lost Love
32,Itsy Bitsy Teenie Weenie Yellow Polka Dot Bikini,Brian Hyland,1960,Shyness
33,It's Now or Never,Elvis Presley,1960,Love
34,The Twist,Chubby Checker,1960,Dancing
35,My Heart Has A Mind Of Its Own,Connie Francis,1960,Lost Love
36,Mr. Custer,Larry Verne,1960,War
37,Save the Last Dance for Me,The Drifters,1960,Love
38,I Want to Be Wanted (Per Tutta La Vita),Brenda Lee,1960,Longing for Love
39,Georgia on My Mind,Ray Charles,1960,Home
39,Georgia on My Mind,Ray Charles,1960,Love
40,Stay,Maurice Williams & the Zodiacs,1960,Love
41,Are You Lonesome Tonight?,Elvis Presley,1960,Lost Love
41,Are You Lonesome Tonight?,Elvis Presley,1960,Longing for Love
43,Will You Love Me Tomorrow,The Shirelles,1960,Love
45,Pony Time,Chubby Checker,1960,Dancing
46,Surrender,Elvis Presley,1960,Lust/Sex
47,Blue Moon,The Marcels,1960,Longing for Love
47,Blue Moon,The Marcels,1960,Love
48,Runaway,Del Shannon,1960,Lost Love
49,Mother-in-Law,Ernie K-Doe,1960,Anger
49,Mother-in-Law,Ernie K-Doe,1960,Family
50,Travelin' Man,Ricky Nelson,1960,Lust/Sex
51,Running Scared,Roy Orbison,1960,Love
52,Moody River,Pat Boone,1960,Death
52,Moody River,Pat Boone,1960,Love
53,Quarter to Three,Gary U.S. Bonds,1960,Partying
54,Tossin' and Turnin',Bobby Lewis,1960,Insomnia
54,Tossin' and Turnin',Bobby Lewis,1960,Lost Love
55,Wooden Heart,Joe Dowell,1960,Love
56,Michael,The Highwaymen,1960,God
57,Take Good Care of My Baby,Bobby Vee,1960,Lost Love
58,Hit the Road Jack,Ray Charles,1960,Lost Love
59,Runaround Sue,Dion,1960,Lost Love
60,Big Bad John,Jimmy Dean,1960,Work
60,Big Bad John,Jimmy Dean,1960,Death
61,Please Mr. Postman,The Marvelettes,1960,Lost Love
61,Please Mr. Postman,The Marvelettes,1960,Love
63,Peppermint Twist,Joey Dee & the Starliters,1960,Dancing
64,Duke of Earl,Gene Chandler,1960,Love
65,Hey! Baby,Bruce Channel,1960,Longing for Love
66,Don't Break the Heart that Loves You,Connie Francis,1960,Lost Love
67,Johnny Angel,Shelley Fabares,1960,Longing for Love
68,Good Luck Charm,Elvis Presley,1960,Longing for Love
69,Soldier Boy,The Shirelles,1960,Love
71,I Can't Stop Loving You,Ray Charles,1960,Lost Love
73,Roses are Red (My Love),Bobby Vinton,1960,Love
74,Breaking Up is Hard to Do,Neil Sedaka,1960,Lost Love
75,The Loco-motion,Little Eva,1960,Dancing
76,Sheila,Tommy Roe,1960,Love
77,Sherry,Frankie Valli & the Four Seasons,1960,Love
78,Monster Mash,"Bobby ""Boris"" Pickett & the Crypt-Kickers",1960,Partying
78,Monster Mash,"Bobby ""Boris"" Pickett & the Crypt-Kickers",1960,Dancing
79,He's a Rebel,The Crystals,1960,Love
79,He's a Rebel,The Crystals,1960,Bad Behavior
80,Big Girls Don't Cry,Frankie Valli & the Four Seasons,1960,Lost Love
82,Go Away Little Girl,Steve Lawrence,1960,Longing for Love
82,Go Away Little Girl,Steve Lawrence,1960,Forbidden Love
83,Walk Right In,The Rooftop Singers,1960,Lust/Sex
84,Hey Paula,Paul & Paula,1960,Love
85,Walk Like a Man,Frankie Valli & the Four Seasons,1960,Bad Relationships
85,Walk Like a Man,Frankie Valli & the Four Seasons,1960,Lost Love
86,Our Day Will Come,Ruby & the Romantics,1960,Love
87,He's So Fine,The Chiffons,1960,Longing for Love
88,I Will Follow Him,Little Peggy March,1960,Love
89,If You Wanna Be Happy,Jimmy Soul,1960,Marriage
89,If You Wanna Be Happy,Jimmy Soul,1960,Love
90,It's My Party,Lesley Gore,1960,Lost Love
91,Sukiyaki,Kyu Sakamoto,1960,Lost Love
92,Easier Said Than Done,The Essex,1960,Longing for Love
93,Surf City,Jan & Dean,1960,Surfing/Sailing
93,Surf City,Jan & Dean,1960,Partying
93,Surf City,Jan & Dean,1960,Utopia/Perfect Places
94,So Much in Love,The Tymes,1960,Love
96,My Boyfriend's Back,The Angels,1960,Love
96,My Boyfriend's Back,The Angels,1960,Violence
96,My Boyfriend's Back,The Angels,1960,Lust/Sex
97,Blue Velvet,Bobby Vinton,1960,Lost Love
98,Sugar Shack,Jimmy Gilmer & the Fireballs,1960,Lust/Sex
98,Sugar Shack,Jimmy Gilmer & the Fireballs,1960,Better Times
98,Sugar Shack,Jimmy Gilmer & the Fireballs,1960,Utopia/Perfect Places
99,Deep Purple,Nino Tempo & April Stevens,1960,Lost Love
99,Deep Purple,Nino Tempo & April Stevens,1960,Dreaming
100,I'm Leaving it Up to You,Dale & Grace,1960,Lost Love
101,Dominique,The Singing Nun,1960,God
102,There! I've Said It Again,Bobby Vinton,1960,Love
103,I Want To Hold Your Hand,The Beatles,1960,Love
104,She Loves You,The Beatles,1960,Love
105,Can't Buy Me Love,The Beatles,1960,Love
106,"Hello, Dolly!",Louis Armstrong,1960,Love
107,My Guy,Mary Wells,1960,Love
107,My Guy,Mary Wells,1960,Faithfulness
108,Love Me Do,The Beatles,1960,Longing for Love
109,Chapel of Love,The Dixie Cups,1960,Love
109,Chapel of Love,The Dixie Cups,1960,Marriage
110,A World Without Love,Peter & Gordon,1960,Love
110,A World Without Love,Peter & Gordon,1960,Lost Love
111,I Get Around,The Beach Boys,1960,Lust/Sex
111,I Get Around,The Beach Boys,1960,Driving
112,Rag Doll,Frankie Valli & the Four Seasons,1960,Love
112,Rag Doll,Frankie Valli & the Four Seasons,1960,Poverty
112,Rag Doll,Frankie Valli & the Four Seasons,1960,Forbidden Love
113,A Hard Day's Night,The Beatles,1960,Lust/Sex
113,A Hard Day's Night,The Beatles,1960,Work
114,Everybody Loves Somebody,Dean Martin,1960,Love
115,Where Did Our Love Go,The Supremes,1960,Lost Love
116,House of the Rising Sun,The Animals,1960,Sin
116,House of the Rising Sun,The Animals,1960,Regret
117,"Oh, Pretty Woman",Roy Orbison,1960,Love
117,"Oh, Pretty Woman",Roy Orbison,1960,Lust/Sex
118,Do Wah Diddy Diddy,Manfred Mann,1960,Love
118,Do Wah Diddy Diddy,Manfred Mann,1960,Lust/Sex
119,Baby Love,The Supremes,1960,Lost Love
120,Leader of the Pack,The Shangri-Las,1960,Death
120,Leader of the Pack,The Shangri-Las,1960,Bad Behavior
120,Leader of the Pack,The Shangri-Las,1960,Driving
120,Leader of the Pack,The Shangri-Las,1960,Forbidden Love
121,Ringo,Lorne Greene,1960,Death
121,Ringo,Lorne Greene,1960,Good vs. Evil
122,Mr. Lonely,Bobby Vinton,1960,Lonesomeness
122,Mr. Lonely,Bobby Vinton,1960,War
123,Come See About Me,The Supremes,1960,Lost Love
124,I Feel Fine,The Beatles,1960,Love
125,Downtown,Petula Clark,1960,Utopia/Perfect Places
126,You've Lost That Lovin' Feelin',The Righteous Brothers,1960,Lost Love
127,This Diamond Ring,Gary Lewis & the Playboys,1960,Lost Love
128,My Girl,The Temptations,1960,Love
129,Eight Days a Week,The Beatles,1960,Love
130,Stop! In the Name of Love,The Supremes,1960,Lost Love
131,I'm Telling You Now,Freddie & the Dreamers,1960,Love
132,The Game of Love,Wayne Fontana & the Mindbenders,1960,Love
133,"Mrs. Brown, You've Got a Lovely Daughter",Herman's Hermits,1960,Love
134,Ticket to Ride,The Beatles,1960,Lost Love
135,"Help Me, Rhonda",The Beach Boys,1960,Lost Love
135,"Help Me, Rhonda",The Beach Boys,1960,Lust/Sex
136,Back in My Arms Again,The Supremes,1960,Love
137,I Can't Help Myself (Sugar Pie Honey Bunch),Four Tops,1960,Love
137,I Can't Help Myself (Sugar Pie Honey Bunch),Four Tops,1960,Lost Love
138,Mr. Tambourine Man,The Byrds,1960,God
138,Mr. Tambourine Man,The Byrds,1960,Faithfulness
139,(I Can't Get No) Satisfaction,The Rolling Stones,1960,Lust/Sex
139,(I Can't Get No) Satisfaction,The Rolling Stones,1960,Anger
139,(I Can't Get No) Satisfaction,The Rolling Stones,1960,Restlessness
140,"I'm Henry VIII, I Am",Herman's Hermits,1960,Marriage
141,I Got You Babe,Sonny & Cher,1960,Love
142,Help!,The Beatles,1960,Pain
143,Eve of Destruction,Barry McGuire,1960,War
143,Eve of Destruction,Barry McGuire,1960,Violence
143,Eve of Destruction,Barry McGuire,1960,Dystopia
144,Hang On Sloopy,The McCoys,1960,Love
145,Yesterday,The Beatles,1960,Lost Love
146,Get Off Of My Cloud,The Rolling Stones,1960,Anger
146,Get Off Of My Cloud,The Rolling Stones,1960,Restlessness
147,I Hear a Symphony,The Supremes,1960,Love
148,Turn! Turn! Turn! (To Everything There is a Season),The Byrds,1960,Time
149,Over and Over,The Dave Clark Five,1960,Lost Love
149,Over and Over,The Dave Clark Five,1960,Longing for Love
150,The Sound of Silence,Simon & Garfunkel,1960,Restlessness
150,The Sound of Silence,Simon & Garfunkel,1960,Lonesomeness
151,We Can Work it Out,The Beatles,1960,Love
151,We Can Work it Out,The Beatles,1960,Bad Relationships
152,My Love,Petula Clark,1960,Love
153,Lightnin' Strikes,Lou Christie,1960,Lust/Sex
154,These Boots are Made for Walkin',Nancy Sinatra,1960,Respect
154,These Boots are Made for Walkin',Nancy Sinatra,1960,Bad Relationships
154,These Boots are Made for Walkin',Nancy Sinatra,1960,Empowerment
154,These Boots are Made for Walkin',Nancy Sinatra,1960,Infidelity
155,The Ballad of the Green Berets,SSgt. Barry Sadler,1960,War
155,The Ballad of the Green Berets,SSgt. Barry Sadler,1960,Death
156,(You're My) Soul and Inspiration,The Righteous Brothers,1960,Love
156,(You're My) Soul and Inspiration,The Righteous Brothers,1960,Lost Love
157,Good Lovin',The Young Rascals,1960,Lust/Sex
158,"Monday, Monday",The Mamas & the Papas,1960,Love
158,"Monday, Monday",The Mamas & the Papas,1960,Lost Love
159,When a Man Loves a Woman,Percy Sledge,1960,Love
160,"Paint it, Black",The Rolling Stones,1960,Sadness
161,Paperback Writer,The Beatles,1960,Jobs
161,Paperback Writer,The Beatles,1960,Failure
162,Strangers in the Night,Frank Sinatra,1960,Love
163,Hanky Panky,Tommy James & the Shondells,1960,Lust/Sex
164,Wild Thing,The Troggs,1960,Lust/Sex
165,Summer in the City,The Lovin' Spoonful,1960,Summer
165,Summer in the City,The Lovin' Spoonful,1960,Lust/Sex
166,Sunshine Superman,Donovan,1960,Lust/Sex
167,You Can't Hurry Love,The Supremes,1960,Longing for Love
168,Cherish,The Association,1960,Longing for Love
169,Reach Out I'll Be There,Four Tops,1960,Love
170,96 Tears,? & the Mysterians,1960,Lost Love
170,96 Tears,? & the Mysterians,1960,Anger
170,96 Tears,? & the Mysterians,1960,Revenge
171,Last Train to Clarksville,The Monkees,1960,Love
171,Last Train to Clarksville,The Monkees,1960,War
172,Poor Side of Town,Johnny Rivers,1960,Love
172,Poor Side of Town,Johnny Rivers,1960,Longing for Love
173,You Keep Me Hangin' On,The Supremes,1960,Bad Relationships
174,Winchester Cathedral,The New Vaudeville Band,1960,Lost Love
175,Good Vibrations,The Beach Boys,1960,Love
176,I'm a Believer,The Monkees,1960,Love
177,Kind of a Drag,The Buckinghams,1960,Lost Love
178,Ruby Tuesday,The Rolling Stones,1960,Lost Love
179,Love is Here and Now You're Gone,The Supremes,1960,Lost Love
180,Penny Lane,The Beatles,1960,Childhood
180,Penny Lane,The Beatles,1960,Better Times
180,Penny Lane,The Beatles,1960,Utopia/Perfect Places
181,Happy Together,The Turtles,1960,Longing for Love
182,Somethin' Stupid,Frank Sinatra & Nancy Sinatra,1960,Love
183,The Happening,The Supremes,1960,Lost Love
184,Groovin',The Young Rascals,1960,Love
184,Groovin',The Young Rascals,1960,Lust/Sex
185,Respect,Aretha Franklin,1960,Lust/Sex
185,Respect,Aretha Franklin,1960,Respect
185,Respect,Aretha Franklin,1960,Bad Relationships
185,Respect,Aretha Franklin,1960,Empowerment
186,Windy,The Association,1960,Appreciation
186,Windy,The Association,1960,Love
187,Light My Fire,The Doors,1960,Lust/Sex
188,All You Need is Love,The Beatles,1960,Love
188,All You Need is Love,The Beatles,1960,Coexistance
189,Ode to Billie Joe,Bobbie Gentry,1960,Death
189,Ode to Billie Joe,Bobbie Gentry,1960,Family
189,Ode to Billie Joe,Bobbie Gentry,1960,Life
190,The Letter,Box Tops,1960,Lost Love
191,To Sir With Love,Lulu,1960,Appreciation
191,To Sir With Love,Lulu,1960,Growing Up
192,Incense and Peppermints,Strawberry Alarm Clock,1960,Utopia/Perfect Places
192,Incense and Peppermints,Strawberry Alarm Clock,1960,Love
193,Daydream Believer,The Monkees,1960,Love
193,Daydream Believer,The Monkees,1960,Growing Up
195,Judy in Disguise (With Glasses),John Fred & His Playboy Band,1960,Lust/Sex
196,Green Tambourine,The Lemon Pipers,1960,Playing Music
196,Green Tambourine,The Lemon Pipers,1960,Poverty
198,(Sittin' On) The Dock of the Bay,Otis Redding,1960,Lonesomeness
198,(Sittin' On) The Dock of the Bay,Otis Redding,1960,Failure
199,Honey,Bobby Goldsboro,1960,Death
199,Honey,Bobby Goldsboro,1960,Life
199,Honey,Bobby Goldsboro,1960,Sadness
200,Tighten Up,Archie Bell & the Drells,1960,Dancing
200,Tighten Up,Archie Bell & the Drells,1960,Playing Music
201,Mrs. Robinson,Simon & Garfunkel,1960,Lust/Sex
201,Mrs. Robinson,Simon & Garfunkel,1960,Better Times
201,Mrs. Robinson,Simon & Garfunkel,1960,Lost Innocence
202,This Guy's in Love with You,Herb Alpert,1960,Love
204,"Hello, I Love You",The Doors,1960,Lust/Sex
205,People Got to Be Free,The Rascals,1960,Respect
205,People Got to Be Free,The Rascals,1960,Coexistance
205,People Got to Be Free,The Rascals,1960,Racism
206,Harper Valley PTA,Jeannie C. Riley,1960,Anger
206,Harper Valley PTA,Jeannie C. Riley,1960,Hypocrisy
206,Harper Valley PTA,Jeannie C. Riley,1960,Empowerment
207,Hey Jude,The Beatles,1960,Calming Down
207,Hey Jude,The Beatles,1960,Hope
208,Love Child,Diana Ross & The Supremes,1960,Growing Up
208,Love Child,Diana Ross & The Supremes,1960,Poverty
209,I Heard it Through the Grapevine,Marvin Gaye,1960,Lost Love
210,Crimson and Clover,Tommy James & the Shondells,1960,Longing for Love
211,Everyday People,Sly & the Family Stone,1960,Respect
211,Everyday People,Sly & the Family Stone,1960,Racism
212,Dizzy,Tommy Roe,1960,Love
213,Aquarius/Let the Sunshine In (The Flesh Failures),The 5th Dimension,1960,Respect
213,Aquarius/Let the Sunshine In (The Flesh Failures),The 5th Dimension,1960,Love
216,In the Year 2525 (Exordium & Terminus),Zager & Evans,1960,Dystopia
216,In the Year 2525 (Exordium & Terminus),Zager & Evans,1960,Death
216,In the Year 2525 (Exordium & Terminus),Zager & Evans,1960,Pain
217,Honky Tonk Women,The Rolling Stones,1960,Lust/Sex
218,"Sugar, Sugar",The Archies,1960,Love
219,I Can't Get Next to You,The Temptations,1960,Longing for Love
220,Suspicious Minds,Elvis Presley,1960,Lost Love
220,Suspicious Minds,Elvis Presley,1960,Bad Relationships
221,Wedding Bell Blues,The 5th Dimension,1960,Love
221,Wedding Bell Blues,The 5th Dimension,1960,Marriage
223,Na Na Hey Hey Kiss Him Goodbye,Steam,1960,Lost Love
224,Leaving on a Jet Plane,"Peter, Paul & Mary",1960,Love
224,Leaving on a Jet Plane,"Peter, Paul & Mary",1960,Lost Love
225,Someday We'll Be Together,Diana Ross & The Supremes,1960,Longing for Love
226,Raindrops Keep Falling on My Head,B.J. Thomas,1970,Sadness
226,Raindrops Keep Falling on My Head,B.J. Thomas,1970,Calming Down
226,Raindrops Keep Falling on My Head,B.J. Thomas,1970,Positivity
227,I Want You Back,The Jackson 5,1970,Lost Love
228,Venus,Shocking Blue,1970,Lust/Sex
229,Thank You (Falettinme Be Mice Elf Agin),Sly & the Family Stone,1970,Endings/Goodbyes
230,Bridge Over Troubled Water,Simon & Garfunkel,1970,God
230,Bridge Over Troubled Water,Simon & Garfunkel,1970,Redemption
230,Bridge Over Troubled Water,Simon & Garfunkel,1970,Faithfulness
231,Let it Be,The Beatles,1970,Faithfulness
231,Let it Be,The Beatles,1970,Restlessness
232,ABC,The Jackson 5,1970,Love
233,American Woman,The Guess Who,1970,Bad Relationships
234,Everything is Beautiful,Ray Stevens,1970,Respect
234,Everything is Beautiful,Ray Stevens,1970,Appreciation
235,The Long and Winding Road,The Beatles,1970,Sadness
235,The Long and Winding Road,The Beatles,1970,Failure
236,The Love You Save,The Jackson 5,1970,Love
236,The Love You Save,The Jackson 5,1970,Bad Behavior
237,Mama Told Me (Not to Come),Three Dog Night,1970,Partying
237,Mama Told Me (Not to Come),Three Dog Night,1970,Regret
238,(They Long to Be) Close to You,The Carpenters,1970,Love
239,Make it With You,Bread,1970,Love
239,Make it With You,Bread,1970,Lust/Sex
240,War,Edwin Starr,1970,War
240,War,Edwin Starr,1970,Violence
241,Ain't No Mountain High Enough,Diana Ross,1970,Love
242,Cracklin' Rosie,Neil Diamond,1970,Love
243,I'll Be There,The Jackson 5,1970,Love
244,I Think I Love You,The Partridge Family,1970,Love
245,The Tears of a Clown,Smokey Robinson & the Miracles,1970,Lost Love
246,My Sweet Lord,George Harrison,1970,God
246,My Sweet Lord,George Harrison,1970,Faithfulness
247,Knock Three Times,Tony Orlando & Dawn,1970,Longing for Love
248,One Bad Apple,The Osmonds,1970,Lost Love
248,One Bad Apple,The Osmonds,1970,Bad Relationships
248,One Bad Apple,The Osmonds,1970,Love
249,Me and Bobby McGee,Janis Joplin,1970,Love
249,Me and Bobby McGee,Janis Joplin,1970,Lost Love
250,Just My Imagination (Running Away with Me),The Temptations,1970,Lost Love
252,Brown Sugar,The Rolling Stones,1970,Lust/Sex
253,Want Ads,Honey Cone,1970,Longing for Love
253,Want Ads,Honey Cone,1970,Bad Relationships
254,It's Too Late,Carole King,1970,Lost Love
255,Indian Reservation (The Lament of the Cherokee Reservation Indian),The Raiders,1970,Murder
255,Indian Reservation (The Lament of the Cherokee Reservation Indian),The Raiders,1970,Death
255,Indian Reservation (The Lament of the Cherokee Reservation Indian),The Raiders,1970,Poverty
256,You've Got a Friend,James Taylor,1970,Friendship
256,You've Got a Friend,James Taylor,1970,Love
256,You've Got a Friend,James Taylor,1970,Sadness
257,How Can You Mend a Broken Heart,Bee Gees,1970,Lost Love
259,Go Away Little Girl,Donny Osmond,1970,Longing for Love
259,Go Away Little Girl,Donny Osmond,1970,Forbidden Love
260,Maggie May,Rod Stewart,1970,Lust/Sex
260,Maggie May,Rod Stewart,1970,Lost Love
261,"Gypsys, Tramps and Thieves",Cher,1970,Life
261,"Gypsys, Tramps and Thieves",Cher,1970,Growing Up
261,"Gypsys, Tramps and Thieves",Cher,1970,Racism
261,"Gypsys, Tramps and Thieves",Cher,1970,Prostitution
262,Theme from Shaft,Isaac Hayes,1970,Lust/Sex
262,Theme from Shaft,Isaac Hayes,1970,Badassery
263,Family Affair,Sly & the Family Stone,1970,Family
263,Family Affair,Sly & the Family Stone,1970,Growing Up
263,Family Affair,Sly & the Family Stone,1970,Home
264,Brand New Key,Melanie,1970,Longing for Love
264,Brand New Key,Melanie,1970,Lust/Sex
265,American Pie,Don McLean,1970,Lost Innocence
266,Let's Stay Together,Al Green,1970,Love
267,Without You,Harry Nilsson,1970,Lost Love
268,Heart of Gold,Neil Young,1970,Time
268,Heart of Gold,Neil Young,1970,Longing for Love
268,Heart of Gold,Neil Young,1970,Lost Innocence
269,A Horse with No Name,America,1970,Dreaming
270,The First Time Ever I Saw Your Face,Roberta Flack,1970,Love
271,Oh Girl,The Chi-Lites,1970,Lost Love
272,I'll Take You There,The Staple Singers,1970,Utopia/Perfect Places
273,The Candy Man,Sammy Davis Jr.,1970,Jobs
273,The Candy Man,Sammy Davis Jr.,1970,Candy
274,Song Sung Blue,Neil Diamond,1970,Sadness
274,Song Sung Blue,Neil Diamond,1970,Playing Music
275,Lean on Me,Bill Withers,1970,Pain
275,Lean on Me,Bill Withers,1970,Sadness
275,Lean on Me,Bill Withers,1970,Friendship
276,Alone Again (Naturally),Gilbert O'Sullivan,1970,Sadness
276,Alone Again (Naturally),Gilbert O'Sullivan,1970,Death
277,Brandy (You're a Fine Girl),Looking Glass,1970,Lost Love
278,Black and White,Three Dog Night,1970,Respect
278,Black and White,Three Dog Night,1970,Love
278,Black and White,Three Dog Night,1970,Racism
279,"Baby, Don't Get Hooked on Me",Mac Davis,1970,Lust/Sex
279,"Baby, Don't Get Hooked on Me",Mac Davis,1970,Bad Behavior
279,"Baby, Don't Get Hooked on Me",Mac Davis,1970,Lost Love
280,Ben,Michael Jackson,1970,Friendship
281,My Ding-a-Ling,Chuck Berry,1970,Masturbation
282,I Can See Clearly Now,Johnny Nash,1970,Better Times
282,I Can See Clearly Now,Johnny Nash,1970,Hope
282,I Can See Clearly Now,Johnny Nash,1970,Redemption
283,Papa Was a Rollin' Stone,The Temptations,1970,Death
283,Papa Was a Rollin' Stone,The Temptations,1970,Family
283,Papa Was a Rollin' Stone,The Temptations,1970,Bad Behavior
283,Papa Was a Rollin' Stone,The Temptations,1970,Bad Relationships
284,I Am Woman,Helen Reddy,1970,Empowerment
285,Me and Mrs. Jones,Billy Paul,1970,Forbidden Love
285,Me and Mrs. Jones,Billy Paul,1970,Infidelity
286,You're So Vain,Carly Simon,1970,Lost Love
286,You're So Vain,Carly Simon,1970,Anger
287,Superstition,Stevie Wonder,1970,Superstition
288,Crocodile Rock,Elton John,1970,Dancing
288,Crocodile Rock,Elton John,1970,Growing Up
288,Crocodile Rock,Elton John,1970,Better Times
288,Crocodile Rock,Elton John,1970,Lost Love
289,Killing Me Softly with His Song,Roberta Flack,1970,Sadness
290,Love Train,The O'Jays,1970,Respect
291,The Night the Lights Went Out in Georgia,Vicki Lawrence,1970,Murder
291,The Night the Lights Went Out in Georgia,Vicki Lawrence,1970,Death
291,The Night the Lights Went Out in Georgia,Vicki Lawrence,1970,Infidelity
292,Tie a Yellow Ribbon 'Round the Ole Oak Tree,Tony Orlando & Dawn,1970,Love
293,You are the Sunshine of My Life,Stevie Wonder,1970,Love
295,My Love,Paul McCartney & Wings,1970,Love
296,Give Me Love (Give Me Peace on Earth),George Harrison,1970,Hope
296,Give Me Love (Give Me Peace on Earth),George Harrison,1970,Love
296,Give Me Love (Give Me Peace on Earth),George Harrison,1970,Enlightement
296,Give Me Love (Give Me Peace on Earth),George Harrison,1970,God
297,Will it Go Round in Circles,Billy Preston,1970,Playing Music
298,"Bad, Bad Leroy Brown",Jim Croce,1970,Bad Behavior
298,"Bad, Bad Leroy Brown",Jim Croce,1970,Lust/Sex
298,"Bad, Bad Leroy Brown",Jim Croce,1970,Violence
299,The Morning After,Maureen McGovern,1970,Hope
300,Touch Me in the Morning,Diana Ross,1970,Lust/Sex
301,Brother Louie,Stories,1970,Forbidden Love
302,Let's Get it On,Marvin Gaye,1970,Lust/Sex
303,Delta Dawn,Helen Reddy,1970,Lost Love
304,We're an American Band,Grand Funk,1970,Partying
304,We're an American Band,Grand Funk,1970,Playing Music
304,We're an American Band,Grand Funk,1970,Lust/Sex
304,We're an American Band,Grand Funk,1970,Bands
305,Half-Breed,Cher,1970,Life
305,Half-Breed,Cher,1970,Growing Up
305,Half-Breed,Cher,1970,Racism
306,Angie,The Rolling Stones,1970,Lost Love
307,Midnight Train to Georgia,Gladys Knight & the Pips,1970,Dreaming
307,Midnight Train to Georgia,Gladys Knight & the Pips,1970,Failure
307,Midnight Train to Georgia,Gladys Knight & the Pips,1970,Home
307,Midnight Train to Georgia,Gladys Knight & the Pips,1970,Love
308,Keep on Truckin',Eddie Kendricks,1970,Lust/Sex
309,Photograph,Ringo Starr,1970,Lost Love
310,Top of the World,The Carpenters,1970,Love
311,The Most Beautiful Girl,Charlie Rich,1970,Lost Love
312,Time in a Bottle,Jim Croce,1970,Time
312,Time in a Bottle,Jim Croce,1970,Love
313,The Joker,Steve Miller Band,1970,Lust/Sex
314,Show and Tell,Al Wilson,1970,Love
314,Show and Tell,Al Wilson,1970,Longing for Love
315,You're Sixteen,Ringo Starr,1970,Lust/Sex
316,The Way We Were,Barbra Streisand,1970,Lost Love
318,Seasons in the Sun,Terry Jacks,1970,Death
318,Seasons in the Sun,Terry Jacks,1970,Time
319,Dark Lady,Cher,1970,Murder
319,Dark Lady,Cher,1970,Death
319,Dark Lady,Cher,1970,Infidelity
320,Sunshine on My Shoulders,John Denver,1970,Hope
320,Sunshine on My Shoulders,John Denver,1970,Friendship
321,Hooked on a Feeling,Blue Swede,1970,Lust/Sex
321,Hooked on a Feeling,Blue Swede,1970,Love
322,Bennie and the Jets,Elton John,1970,Bands
324,The Loco-motion,Grand Funk,1970,Dancing
325,The Streak,Ray Stevens,1970,Nudity
326,Band on the Run,Paul McCartney & Wings,1970,Escape
326,Band on the Run,Paul McCartney & Wings,1970,Bands
327,Billy Don't Be a Hero,Bo Donaldson & the Heywoods,1970,Love
327,Billy Don't Be a Hero,Bo Donaldson & the Heywoods,1970,Death
327,Billy Don't Be a Hero,Bo Donaldson & the Heywoods,1970,War
328,Sundown,Gordon Lightfoot,1970,Lost Love
329,Rock the Boat,Hues Corporation,1970,Love
330,Rock Your Baby,George McCrae,1970,Lust/Sex
331,Annie's Song,John Denver,1970,Love
332,Feel Like Makin' Love,Roberta Flack,1970,Lust/Sex
333,The Night Chicago Died,Paper Lace,1970,Murder
333,The Night Chicago Died,Paper Lace,1970,Death
334,(You're) Having My Baby,Paul Anka & Odia Coates,1970,Child Birth
334,(You're) Having My Baby,Paul Anka & Odia Coates,1970,Family
334,(You're) Having My Baby,Paul Anka & Odia Coates,1970,Love
335,I Shot the Sheriff,Eric Clapton,1970,Murder
336,"Can't Get Enough of Your Love, Babe",Barry White,1970,Lust/Sex
337,Rock Me Gently,Andy Kim,1970,Lust/Sex
338,I Honestly Love You,Olivia Newton-John,1970,Love
338,I Honestly Love You,Olivia Newton-John,1970,Forbidden Love
339,Nothing from Nothing,Billy Preston,1970,Lust/Sex
340,Then Came You,Dionne Warwick & The Spinners,1970,Love
341,You Haven't Done Nothin',Stevie Wonder,1970,Anger
342,You Ain't Seen Nothing Yet,Bachman-Turner Overdrive,1970,Lust/Sex
343,Whatever Gets You Thru the Night,John Lennon,1970,Hope
343,Whatever Gets You Thru the Night,John Lennon,1970,Faithfulness
344,I Can Help,Billy Swam,1970,Lust/Sex
345,Kung Fu Fighting,Carl Douglas,1970,Fighting
346,Cat's in the Cradle,Harry Chapin,1970,Growing Up
346,Cat's in the Cradle,Harry Chapin,1970,Childhood
346,Cat's in the Cradle,Harry Chapin,1970,Bad Relationships
347,Angie Baby,Helen Reddy,1970,Lust/Sex
347,Angie Baby,Helen Reddy,1970,Dancing
347,Angie Baby,Helen Reddy,1970,Escape
348,Lucy in the Sky with Diamonds,Elton John,1970,Love
348,Lucy in the Sky with Diamonds,Elton John,1970,Appreciation
349,Mandy,Barry Manilow,1970,Lost Love
350,Please Mr. Postman,The Carpenters,1970,Lost Love
350,Please Mr. Postman,The Carpenters,1970,Love
351,Laughter in the Rain,Neil Sedaka,1970,Love
352,Fire,Ohio Players,1970,Lust/Sex
353,You're No Good,Linda Ronstadt,1970,Bad Relationships
353,You're No Good,Linda Ronstadt,1970,Lost Love
353,You're No Good,Linda Ronstadt,1970,Longing for Love
353,You're No Good,Linda Ronstadt,1970,Regret
355,Best of My Love,Eagles,1970,Lost Love
356,Have You Never Been Mellow,Olivia Newton-John,1970,Calming Down
357,Black Water,The Doobie Brothers,1970,Dancing
357,Black Water,The Doobie Brothers,1970,Partying
358,My Eyes Adored You,Frankie Valli,1970,Lost Love
358,My Eyes Adored You,Frankie Valli,1970,Love
358,My Eyes Adored You,Frankie Valli,1970,Growing Up
359,Lady Marmalade,LaBelle,1970,Lust/Sex
360,Lovin' You,Minnie Riperton,1970,Love
361,Philadelphia Freedom,Elton John,1970,Appreciation
361,Philadelphia Freedom,Elton John,1970,Love
362,(Hey Won't You Play) Another Somebody Done Somebody Wrong Song,B.J. Thomas,1970,Lost Love
363,He Don't Love You (Like I Love You),Tony Orlando & Dawn,1970,Longing for Love
364,Shining Star,"Earth, Wind & Fire",1970,Dreaming
364,Shining Star,"Earth, Wind & Fire",1970,Empowerment
365,Before the Next Teardrop Falls,Freddy Fender,1970,Longing for Love
366,Thank God I'm a Country Boy,John Denver,1970,Appreciation
366,Thank God I'm a Country Boy,John Denver,1970,Growing Up
366,Thank God I'm a Country Boy,John Denver,1970,Family
367,Sister Golden Hair,America,1970,Love
367,Sister Golden Hair,America,1970,Restlessness
368,Love Will Keep Us Together,Captain & Tennille,1970,Love
369,Listen to What the Man Said,Paul McCartney & Wings,1970,Love
371,One of these Nights,Eagles,1970,Hope
371,One of these Nights,Eagles,1970,Love
371,One of these Nights,Eagles,1970,Lust/Sex
372,Jive Talkin',Bee Gees,1970,Bad Relationships
372,Jive Talkin',Bee Gees,1970,Love
373,Fallin' in Love,"Hamilton, Joe Frank & Reynolds",1970,Lust/Sex
373,Fallin' in Love,"Hamilton, Joe Frank & Reynolds",1970,Love
374,Get Down Tonight,KC & the Sunshine Band,1970,Lust/Sex
375,Rhinestone Cowboy,Glen Campbell,1970,Dreaming
376,Fame,David Bowie,1970,Fame
377,I'm Sorry,John Denver,1970,Lost Love
378,Bad Blood,Neil Sedaka,1970,Lost Love
378,Bad Blood,Neil Sedaka,1970,Bad Relationships
379,Island Girl,Elton John,1970,Prostitution
380,That's the Way (I Like It),KC & the Sunshine Band,1970,Lust/Sex
382,Let's Do It Again,The Staple Singers,1970,Lust/Sex
383,Saturday Night,Bay City Rollers,1970,Dancing
383,Saturday Night,Bay City Rollers,1970,Escape
383,Saturday Night,Bay City Rollers,1970,Love
384,Convoy,C.W. McCall,1970,Anger
384,Convoy,C.W. McCall,1970,Driving
385,I Write the Songs,Barry Manilow,1970,God
386,Theme from Mahogany (Do You Know Where You're Going To),Diana Ross,1970,Life
386,Theme from Mahogany (Do You Know Where You're Going To),Diana Ross,1970,Hope
387,Love Rollercoaster,Ohio Players,1970,Lust/Sex
388,50 Ways to Leave Your Lover,Paul Simon,1970,Lost Love
390,Love Machine (Part 1),The Miracles,1970,Lust/Sex
391,"December, 1963 (Oh What a Night!)",Frankie Valli & the Four Seasons,1970,Lust/Sex
392,Disco Lady,Johnnie Taylor,1970,Dancing
392,Disco Lady,Johnnie Taylor,1970,Lust/Sex
393,Let Your Love Flow,The Bellamy Brothers,1970,Love
394,Welcome Back,John Sebastian,1970,Friendship
394,Welcome Back,John Sebastian,1970,Home
395,Boogie Fever,The Sylvers,1970,Dancing
395,Boogie Fever,The Sylvers,1970,Love
396,Silly Love Songs,Paul McCartney & Wings,1970,Love
397,Love Hangover,Diana Ross,1970,Love
397,Love Hangover,Diana Ross,1970,Lust/Sex
398,Afternoon Delight,Starland Vocal Band,1970,Lust/Sex
399,Kiss and Say Goodbye,The Manhattans,1970,Forbidden Love
399,Kiss and Say Goodbye,The Manhattans,1970,Infidelity
399,Kiss and Say Goodbye,The Manhattans,1970,Lust/Sex
399,Kiss and Say Goodbye,The Manhattans,1970,Lost Love
400,Don't Go Breaking My Heart,Elton John & Kiki Dee,1970,Love
401,You Should Be Dancing,Bee Gees,1970,Dancing
401,You Should Be Dancing,Bee Gees,1970,Lust/Sex
402,"(Shake, Shake, Shake) Shake Your Booty",KC & the Sunshine Band,1970,Dancing
403,Play That Funky Music,Wild Cherry,1970,Dancing
403,Play That Funky Music,Wild Cherry,1970,Playing Music
403,Play That Funky Music,Wild Cherry,1970,Partying
405,Disco Duck,Rick Dees & His Cast of Idiots,1970,Dancing
406,If You Leave Me Now,Chicago,1970,Love
406,If You Leave Me Now,Chicago,1970,Lost Love
407,Rock 'n Me,Steve Miller Band,1970,Lust/Sex
408,Tonight's the Night (Gonna Be Alright),Rod Stewart,1970,Lust/Sex
409,You Don't Have to Be a Star (To Be in My Show),"Marilyn McCoo & Billy Davis, Jr.",1970,Love
410,You Make Me Feel Like Dancing,Leo Sayer,1970,Dancing
410,You Make Me Feel Like Dancing,Leo Sayer,1970,Love
411,I Wish,Stevie Wonder,1970,Childhood
411,I Wish,Stevie Wonder,1970,Better Times
412,Car Wash,Rose Royce,1970,Jobs
413,Torn Between Two Lovers,Mary MacGregor,1970,Lost Love
413,Torn Between Two Lovers,Mary MacGregor,1970,Forbidden Love
414,Blinded by the Light,Manfred Mann's Earth Band,1970,Growing Up
415,New Kid in Town,Eagles,1970,Lost Love
416,Evergreen (Love Theme From A Star is Born),Barbra Streisand,1970,Love
417,Rich Girl,Daryl Hall & John Oates,1970,Bad Relationships
417,Rich Girl,Daryl Hall & John Oates,1970,Lost Love
418,Dancing Queen,ABBA,1970,Dancing
418,Dancing Queen,ABBA,1970,Escape
418,Dancing Queen,ABBA,1970,Longing for Love
419,Don't Give Up on Us,David Soul,1970,Love
419,Don't Give Up on Us,David Soul,1970,Faithfulness
420,Don't Leave Me This Way,Thelma Houston,1970,Lust/Sex
421,Southern Nights,Glen Campbell,1970,Home
421,Southern Nights,Glen Campbell,1970,Better Times
422,Hotel California,Eagles,1970,Escape
422,Hotel California,Eagles,1970,God
423,When I Need You,Leo Sayer,1970,Love
424,Sir Duke,Stevie Wonder,1970,Bands
424,Sir Duke,Stevie Wonder,1970,Playing Music
424,Sir Duke,Stevie Wonder,1970,Appreciation
424,Sir Duke,Stevie Wonder,1970,Dancing
425,I'm Your Boogie Man,KC & the Sunshine Band,1970,Lust/Sex
426,Dreams,Fleetwood Mac,1970,Lost Love
427,Got to Give it Up,Marvin Gaye,1970,Dancing
427,Got to Give it Up,Marvin Gaye,1970,Lust/Sex
428,Gonna Fly Now (Theme from Rocky),Bill Conti,1970,Positivity
428,Gonna Fly Now (Theme from Rocky),Bill Conti,1970,Badassery
429,Undercover Angel,Alan O'Day,1970,Longing for Love
429,Undercover Angel,Alan O'Day,1970,Lust/Sex
430,Da Doo Ron Ron,Shaun Cassidy,1970,Love
431,Looks Like We Made It,Barry Manilow,1970,Lost Love
432,I Just Want to Be Your Everything,Andy Gibb,1970,Love
433,Best of My Love,The Emotions,1970,Lust/Sex
435,You Light Up My Life,Debby Boone,1970,Love
436,How Deep is Your Love,Bee Gees,1970,Love
437,Baby Come Back,Player,1970,Lost Love
438,Stayin' Alive,Bee Gees,1970,Badassery
438,Stayin' Alive,Bee Gees,1970,Survival
439,(Love Is) Thicker Than Water,Andy Gibb,1970,Love
440,Night Fever,Bee Gees,1970,Lust/Sex
440,Night Fever,Bee Gees,1970,Dancing
441,If I Can't Have You,Yvonne Elliman,1970,Longing for Love
442,With a Little Luck,Paul McCartney & Wings,1970,Love
443,"Too Much, Too Little, Too Late",Johnny Mathis & Deniece Williams,1970,Lost Love
444,You're the One That I Want,John Travolta & Olivia Newton-John,1970,Love
444,You're the One That I Want,John Travolta & Olivia Newton-John,1970,Longing for Love
445,Shadow Dancing,Andy Gibb,1970,Lust/Sex
445,Shadow Dancing,Andy Gibb,1970,Dancing
446,Miss You,The Rolling Stones,1970,Lust/Sex
447,Three Times a Lady,Commodores,1970,Love
448,Grease,Frankie Valli,1970,Love
449,Boogie Oogie Oogie,A Taste of Honey,1970,Dancing
450,Kiss You All Over,Exile,1970,Lust/Sex
451,Hot Child in the City,Nick Gilder,1970,Lust/Sex
451,Hot Child in the City,Nick Gilder,1970,Bad Behavior
452,You Needed Me,Anne Murray,1970,Love
453,MacArthur Park,Donna Summer,1970,Lost Love
454,You Don't Bring Me Flowers,Barbra Streisand & Neil Diamond,1970,Lost Love
455,Le Freak,Chic,1970,Dancing
456,Too Much Heaven,Bee Gees,1970,Love
457,Do Ya Think I'm Sexy?,Rod Stewart,1970,Lust/Sex
458,I Will Survive,Gloria Gaynor,1970,Lost Love
458,I Will Survive,Gloria Gaynor,1970,Bad Relationships
458,I Will Survive,Gloria Gaynor,1970,Empowerment
459,Tragedy,Bee Gees,1970,Lost Love
460,What a Fool Believes,The Doobie Brothers,1970,Lost Love
461,Knock On Wood,Amii Stewart,1970,Lust/Sex
462,Heart of Glass,Blondie,1970,Lost Love
463,Reunited,Peaches & Herb,1970,Getting Back Together
463,Reunited,Peaches & Herb,1970,Love
463,Reunited,Peaches & Herb,1970,Lost Love
464,Hot Stuff,Donna Summer,1970,Lust/Sex
465,Love You Inside Out,Bee Gees,1970,Lost Love
465,Love You Inside Out,Bee Gees,1970,Lust/Sex
466,Ring My Bell,Anita Ward,1970,Lust/Sex
467,Bad Girls,Donna Summer,1970,Lust/Sex
468,Good Times,Chic,1970,Dancing
468,Good Times,Chic,1970,Partying
468,Good Times,Chic,1970,Better Times
469,My Sharona,The Knack,1970,Lust/Sex
470,Sad Eyes,Robert John,1970,Lost Love
471,Don't Stop 'Til You Get Enough,Michael Jackson,1970,Lust/Sex
471,Don't Stop 'Til You Get Enough,Michael Jackson,1970,Dancing
473,Pop Muzik,M,1970,Dancing
473,Pop Muzik,M,1970,Partying
474,Heartache Tonight,Eagles,1970,Lost Love
475,Still,Commodores,1970,Love
476,No More Tears (Enough is Enough),Barbra Streisand & Donna Summer,1970,Lost Love
477,Babe,Styx,1970,Lost Love
478,Escape (The Piña Colada Song),Rupert Holmes,1970,Bad Relationships
478,Escape (The Piña Colada Song),Rupert Holmes,1970,Longing for Love
479,Please Don't Go,KC & the Sunshine Band,1980,Lost Love
480,Rock With You,Michael Jackson,1980,Dancing
480,Rock With You,Michael Jackson,1980,Lust/Sex
481,Do That to Me One More Time,Captain & Tennille,1980,Lust/Sex
482,Crazy Little Thing Called Love,Queen,1980,Love
483,"Another Brick in the Wall, Pt. 2",Pink Floyd,1980,Childhood
483,"Another Brick in the Wall, Pt. 2",Pink Floyd,1980,School
484,Call Me,Blondie,1980,Lust/Sex
485,Funkytown,Lipps Inc.,1980,Better Times
485,Funkytown,Lipps Inc.,1980,Utopia/Perfect Places
486,Coming Up,Paul McCartney,1980,Love
487,It's Still Rock and Roll to Me,Billy Joel,1980,Getting Older
488,Magic,Olivia Newton-John,1980,Love
489,Sailing,Christopher Cross,1980,Surfing/Sailing
490,Upside Down,Diana Ross,1980,Lust/Sex
490,Upside Down,Diana Ross,1980,Lost Love
490,Upside Down,Diana Ross,1980,Bad Behavior
491,Another One Bites the Dust,Queen,1980,Murder
491,Another One Bites the Dust,Queen,1980,Death
492,Woman in Love,Barbra Streisand,1980,Longing for Love
493,Lady,Kenny Rogers,1980,Love
494,(Just Like) Starting Over,John Lennon,1980,Love
495,The Tide is High,Blondie,1980,Longing for Love
496,Celebration,Kool & the Gang,1980,Partying
497,9 to 5,Dolly Parton,1980,Work
498,I Love a Rainy Night,Eddie Rabbit,1980,Rain
498,I Love a Rainy Night,Eddie Rabbit,1980,Appreciation
499,Keep on Loving You,REO Speedwagon,1980,Love
500,Rapture,Blondie,1980,Partying
501,Kiss On My List,Daryl Hall & John Oates,1980,Love
501,Kiss On My List,Daryl Hall & John Oates,1980,Longing for Love
501,Kiss On My List,Daryl Hall & John Oates,1980,Lust/Sex
502,Morning Train (Nine to Five),Sheena Easton,1980,Love
503,Bette Davis Eyes,Kim Carnes,1980,Lust/Sex
505,The One That You Love,Air Supply,1980,Lost Love
506,Jessie's Girl,Rick Springfield,1980,Longing for Love
506,Jessie's Girl,Rick Springfield,1980,Lust/Sex
507,Endless Love,Diana Ross & Lionel Richie,1980,Love
508,Arthur's Theme (The Best That You Can Do),Christopher Cross,1980,Love
509,Private Eyes,Daryl Hall & John Oates,1980,Lost Love
510,Physical,Olivia Newton-John,1980,Lust/Sex
511,I Can't Go For That (No Can Do),Daryl Hall & John Oates,1980,Bad Relationships
512,Centerfold,The J. Geils Band,1980,Lust/Sex
513,I Love Rock 'n' Roll,Joan Jett & the Blackhearts,1980,Playing Music
513,I Love Rock 'n' Roll,Joan Jett & the Blackhearts,1980,Lust/Sex
515,Ebony & Ivory,Paul McCartney & Stevie Wonder,1980,Appreciation
516,Don't You Want Me,The Human League,1980,Lost Love
517,Eye of the Tiger,Survivor,1980,Survival
517,Eye of the Tiger,Survivor,1980,Badassery
518,Abracadabra,Steve Miller Band,1980,Lust/Sex
519,Hard to Say I'm Sorry,Chicago,1980,Lost Love
520,Jack and Diane,John Cougar,1980,Love
520,Jack and Diane,John Cougar,1980,Getting Older
520,Jack and Diane,John Cougar,1980,Growing Up
521,Who Can It Be Now?,Men at Work,1980,Paranoia
522,Up Where We Belong,Joe Cocker & Jennifer Warnes,1980,Love
523,Truly,Lionel Richie,1980,Love
524,Mickey,Toni Basil,1980,Lust/Sex
524,Mickey,Toni Basil,1980,Lost Love
525,Maneater,Daryl Hall & John Oates,1980,Bad Relationships
525,Maneater,Daryl Hall & John Oates,1980,Lost Love
526,Down Under,Men at Work,1980,Home
527,Africa,Toto,1980,Appreciation
527,Africa,Toto,1980,Escape
527,Africa,Toto,1980,Love
528,"Baby, Come to Me",Patti Austin & James Ingram,1980,Lust/Sex
529,Billie Jean,Michael Jackson,1980,Bad Relationships
529,Billie Jean,Michael Jackson,1980,Paranoia
529,Billie Jean,Michael Jackson,1980,Child Birth
530,Come on Eileen,Dexys Midnight Runners,1980,Lust/Sex
531,Beat It,Michael Jackson,1980,Bad Behavior
531,Beat It,Michael Jackson,1980,Violence
532,Let's Dance,David Bowie,1980,Dancing
532,Let's Dance,David Bowie,1980,Longing for Love
533,Flashdance … What a Feeling,Irene Cara,1980,Dancing
534,Every Breath You Take,The Police,1980,Bad Relationships
534,Every Breath You Take,The Police,1980,Lost Love
535,Sweet Dreams (Are Made of This),Eurythmics,1980,Dreaming
535,Sweet Dreams (Are Made of This),Eurythmics,1980,Failure
536,Maniac,Michael Sembello,1980,Dancing
537,Tell Her About It,Billy Joel,1980,Love
537,Tell Her About It,Billy Joel,1980,Appreciation
538,Total Eclipse of the Heart,Bonnie Tyler,1980,Lost Love
538,Total Eclipse of the Heart,Bonnie Tyler,1980,Longing for Love
539,Islands in the Stream,Kenny Rogers & Dolly Parton,1980,Love
540,All Night Long (All Night),Lionel Richie,1980,Dancing
540,All Night Long (All Night),Lionel Richie,1980,Partying
541,Say Say Say,Paul McCartney & Michael Jackson,1980,Longing for Love
542,Owner of a Lonely Heart,Yes,1980,Lost Love
543,Karma Chameleon,Culture Club,1980,Lost Love
545,Footloose,Kenny Loggins,1980,Dancing
546,Against All Odds (Take a Look at Me Now),Phil Collins,1980,Lost Love
546,Against All Odds (Take a Look at Me Now),Phil Collins,1980,Longing for Love
547,Hello,Lionel Richie,1980,Lost Love
548,Let's Hear it For the Boy,Deniece Williams,1980,Love
548,Let's Hear it For the Boy,Deniece Williams,1980,Appreciation
549,Time After Time,Cyndi Lauper,1980,Love
549,Time After Time,Cyndi Lauper,1980,Faithfulness
551,When Doves Cry,Prince,1980,Lost Love
551,When Doves Cry,Prince,1980,Lust/Sex
552,Ghostbusters,"Ray Parker, Jr.",1980,Ghosts
552,Ghostbusters,"Ray Parker, Jr.",1980,Jobs
553,What's Love Got to Do With It,Tina Turner,1980,Lust/Sex
554,Missing You,John Waite,1980,Lost Love
554,Missing You,John Waite,1980,Longing for Love
555,Let's Go Crazy,Prince,1980,Partying
556,I Just Called to Say I Love You,Stevie Wonder,1980,Love
557,Caribbean Queen (No More Love on the Run),Billy Ocean,1980,Lust/Sex
558,Wake Me Up Before You Go-Go,Wham!,1980,Lost Love
559,Out of Touch,Daryl Hall & John Oates,1980,Lost Love
560,Like a Virgin,Madonna,1980,Love
561,I Want to Know What Love Is,Foreigner,1980,Longing for Love
562,Careless Whisper,Wham!,1980,Lost Love
563,Can't Fight This Feeling,REO Speedwagon,1980,Longing for Love
564,One More Night,Phil Collins,1980,Lost Love
565,We Are the World,USA for Africa,1980,Redemption
565,We Are the World,USA for Africa,1980,Respect
566,Crazy for You,Madonna,1980,Lust/Sex
567,Don't You (Forget About Me),Simple Minds,1980,Lust/Sex
568,Everything She Wants,Wham!,1980,Marriage
568,Everything She Wants,Wham!,1980,Bad Relationships
569,Everybody Wants to Rule the World,Tears for Fears,1980,Lost Innocence
569,Everybody Wants to Rule the World,Tears for Fears,1980,Violence
569,Everybody Wants to Rule the World,Tears for Fears,1980,War
570,Heaven,Bryan Adams,1980,Love
571,Sussudio,Phil Collins,1980,Love
572,A View to a Kill,Duran Duran,1980,Murder
572,A View to a Kill,Duran Duran,1980,Death
573,Everytime You Go Away,Paul Young,1980,Lost Love
574,Shout,Tears for Fears,1980,Anger
574,Shout,Tears for Fears,1980,Escape
575,The Power of Love,Huey Lewis & the News,1980,Love
576,St. Elmo's Fire (Man in Motion),John Parr,1980,Dreaming
576,St. Elmo's Fire (Man in Motion),John Parr,1980,Empowerment
577,Money for Nothing,Dire Straits,1980,Racism
577,Money for Nothing,Dire Straits,1980,Materialism
578,Oh Sheila,Ready for the World,1980,Lust/Sex
579,Take on Me,a-ha,1980,Longing for Love
580,Saving All My Love for You,Whitney Houston,1980,Forbidden Love
580,Saving All My Love for You,Whitney Houston,1980,Infidelity
580,Saving All My Love for You,Whitney Houston,1980,Lust/Sex
581,Part-Time Lover,Stevie Wonder,1980,Forbidden Love
581,Part-Time Lover,Stevie Wonder,1980,Infidelity
581,Part-Time Lover,Stevie Wonder,1980,Lust/Sex
583,We Built This City,Starship,1980,Playing Music
584,Separate Lives,Phil Collins & Marilyn Martin,1980,Lost Love
585,Broken Wings,Mr. Mister,1980,Getting Back Together
585,Broken Wings,Mr. Mister,1980,Love
585,Broken Wings,Mr. Mister,1980,Lost Love
586,"Say You, Say Me",Lionel Richie,1980,Love
587,That's What Friends are For,Dionne & Friends,1980,Appreciation
587,That's What Friends are For,Dionne & Friends,1980,Friendship
588,How Will I Know,Whitney Houston,1980,Longing for Love
589,Kyrie,Mr. Mister,1980,God
589,Kyrie,Mr. Mister,1980,Faithfulness
590,Sara,Starship,1980,Lost Love
591,These Dreams,Heart,1980,Dreaming
592,Rock Me Amadeus,Falco,1980,Playing Music
593,Kiss,Prince,1980,Lust/Sex
594,Addicted to Love,Robert Palmer,1980,Lust/Sex
595,West End Girls,Pet Shop Boys,1980,Materialism
595,West End Girls,Pet Shop Boys,1980,Poverty
595,West End Girls,Pet Shop Boys,1980,Lust/Sex
596,Greatest Love of All,Whitney Houston,1980,Love
596,Greatest Love of All,Whitney Houston,1980,Appreciation
596,Greatest Love of All,Whitney Houston,1980,Respect
597,Live to Tell,Madonna,1980,Survival
597,Live to Tell,Madonna,1980,Secrets
598,On My Own,Patti LaBelle & Michael McDonald,1980,Lost Love
599,There'll Be Sad Songs (To Make You Cry),Billy Ocean,1980,Love
600,Holding Back the Years,Simply Red,1980,Lost Love
601,Invisible Touch,Genesis,1980,Love
601,Invisible Touch,Genesis,1980,Bad Relationships
602,Sledgehammer,Peter Gabriel,1980,Lust/Sex
603,Glory of Love,Peter Cetera,1980,Love
604,Papa Don't Preach,Madonna,1980,Illigitimacy
604,Papa Don't Preach,Madonna,1980,Child Birth
604,Papa Don't Preach,Madonna,1980,Growing Up
605,Higher Love,Steve Winwood,1980,Longing for Love
606,Venus,Bananarama,1980,Lust/Sex
607,Take My Breath Away,Berlin,1980,Love
608,Stuck with You,Huey Lewis & the News,1980,Love
609,When I Think of You,Janet Jackson,1980,Love
610,True Colors,Cyndi Lauper,1980,Appreciation
611,Amanda,Boston,1980,Longing for Love
612,Human,The Human League,1980,Infidelity
613,You Give Love a Bad Name,Bon Jovi,1980,Lost Love
613,You Give Love a Bad Name,Bon Jovi,1980,Bad Relationships
614,The Next Time I Fall,Peter Cetera & Amy Grant,1980,Longing for Love
615,The Way It Is,Bruce Hornsby & the Range,1980,Racism
615,The Way It Is,Bruce Hornsby & the Range,1980,Jobs
616,Walk Like an Egyptian,The Bangles,1980,Dancing
617,Shake You Down,Gregory Abbott,1980,Lust/Sex
618,At This Moment,Billy Vera & the Beaters,1980,Lost Love
618,At This Moment,Billy Vera & the Beaters,1980,Longing for Love
619,Open Your Heart,Madonna,1980,Lust/Sex
620,Livin' on a Prayer,Bon Jovi,1980,Survival
620,Livin' on a Prayer,Bon Jovi,1980,Love
621,Jacob's Ladder,Huey Lewis & the News,1980,Empowerment
622,Lean on Me,Club Nouveau,1980,Pain
622,Lean on Me,Club Nouveau,1980,Sadness
622,Lean on Me,Club Nouveau,1980,Friendship
623,Nothing's Gonna Stop Us Now,Starship,1980,Love
624,I Knew You Were Waiting (For Me),Aretha Franklin & George Michael,1980,Love
625,(I Just) Died in Your Arms,Cutting Crew,1980,Lust/Sex
625,(I Just) Died in Your Arms,Cutting Crew,1980,Bad Relationships
626,With or Without You,U2,1980,Lost Love
626,With or Without You,U2,1980,Bad Relationships
627,You Keep Me Hangin' On,Kim Wilde,1980,Bad Relationships
628,Always,Atlantic Starr,1980,Love
629,Head to Toe,Lisa Lisa & Cult Jam,1980,Love
629,Head to Toe,Lisa Lisa & Cult Jam,1980,Lust/Sex
630,I Wanna Dance with Somebody (Who Loves Me),Whitney Houston,1980,Dancing
630,I Wanna Dance with Somebody (Who Loves Me),Whitney Houston,1980,Longing for Love
631,Alone,Heart,1980,Lust/Sex
632,Shakedown,Bob Seger,1980,Fighting
633,I Still Haven't Found What I'm Looking For,U2,1980,God
633,I Still Haven't Found What I'm Looking For,U2,1980,Faithfulness
633,I Still Haven't Found What I'm Looking For,U2,1980,Doubt
634,Who's That Girl,Madonna,1980,Bad Relationships
635,La Bamba,Los Lobos,1980,Dancing
636,I Just Can't Stop Loving You,Michael Jackson & Siedah Garrett,1980,Love
637,Didn't We Almost Have It All,Whitney Houston,1980,Lost Love
638,Here I Go Again,Whitesnake,1980,Empowerment
638,Here I Go Again,Whitesnake,1980,Redemption
639,Lost in Emotion,Lisa Lisa & Cult Jam,1980,Longing for Love
640,Bad,Michael Jackson,1980,Anger
640,Bad,Michael Jackson,1980,Fighting
640,Bad,Michael Jackson,1980,Badassery
641,I Think We're Alone Now,Tiffany,1980,Lust/Sex
641,I Think We're Alone Now,Tiffany,1980,Growing Up
642,Mony Mony,Billy Idol,1980,Lust/Sex
643,(I've Had) The Time of My Life,Bill Medley & Jennifer Warnes,1980,Love
643,(I've Had) The Time of My Life,Bill Medley & Jennifer Warnes,1980,Longing for Love
644,Heaven Is a Place on Earth,Belinda Carlisle,1980,Love
645,Faith,George Michael,1980,Lust/Sex
645,Faith,George Michael,1980,Love
646,So Emotional,Whitney Houston,1980,Lust/Sex
647,Got My Mind Set On You,George Harrison,1980,Longing for Love
648,The Way You Make Me Feel,Michael Jackson,1980,Love
648,The Way You Make Me Feel,Michael Jackson,1980,Lust/Sex
649,Need You Tonight,INXS,1980,Lust/Sex
650,Could've Been,Tiffany,1980,Lost Love
651,Seasons Change,Exposé,1980,Lost Love
652,Father Figure,George Michael,1980,Lust/Sex
653,Never Gonna Give You Up,Rick Astley,1980,Love
653,Never Gonna Give You Up,Rick Astley,1980,Faithfulness
654,Man in the Mirror,Michael Jackson,1980,Growing Up
655,"Get Outta My Dreams, Get Into My Car",Billy Ocean,1980,Longing for Love
655,"Get Outta My Dreams, Get Into My Car",Billy Ocean,1980,Lust/Sex
656,Where Do Broken Hearts Go,Whitney Houston,1980,Lost Love
657,Wishing Well,Terence Trent D'Arby,1980,Lust/Sex
658,Anything for You,Gloria Estefan & Miami Sound Machine,1980,Lost Love
659,One More Try,George Michael,1980,Lost Love
660,Together Forever,Rick Astley,1980,Longing for Love
661,Foolish Beat,Debbie Gibson,1980,Lost Love
662,Dirty Diana,Michael Jackson,1980,Lust/Sex
662,Dirty Diana,Michael Jackson,1980,Bad Relationships
663,The Flame,Cheap Trick,1980,Lost Love
663,The Flame,Cheap Trick,1980,Longing for Love
664,Hold On to the Nights,Richard Marx,1980,Lost Love
665,Roll With It,Steve Winwood,1980,Better Times
665,Roll With It,Steve Winwood,1980,Positivity
666,Monkey,George Michael,1980,Lust/Sex
666,Monkey,George Michael,1980,Forbidden Love
667,Sweet Child O' Mine,Guns N' Roses,1980,Love
668,"Don't Worry, Be Happy",Bobby McFerrin,1980,Positivity
669,Love Bites,Def Leppard,1980,Lost Love
670,Red Red Wine,UB40,1980,Lost Love
671,A Groovy Kind of Love,Phil Collins,1980,Love
672,Kokomo,The Beach Boys,1980,Escape
673,Wild Wild West,The Escape Club,1980,Dystopia
674,Bad Medicine,Bon Jovi,1980,Lust/Sex
675,"Baby, I Love Your Way / Freebird Medley",Will to Power,1980,Love
675,"Baby, I Love Your Way / Freebird Medley",Will to Power,1980,Lost Love
676,Look Away,Chicago,1980,Lost Love
677,Every Rose Has Its Thorn,Poison,1980,Lost Love
678,My Prerogative,Bobby Brown,1980,Badassery
678,My Prerogative,Bobby Brown,1980,Lust/Sex
679,Two Hearts,Phil Collins,1980,Love
680,When I'm With You,Sheriff,1980,Love
681,Straight Up,Paula Abdul,1980,Longing for Love
681,Straight Up,Paula Abdul,1980,Bad Relationships
681,Straight Up,Paula Abdul,1980,Lost Love
682,Lost in Your Eyes,Debbie Gibson,1980,Love
683,The Living Years,Mike & the Mechanics,1980,Death
683,The Living Years,Mike & the Mechanics,1980,Family
683,The Living Years,Mike & the Mechanics,1980,Regret
683,The Living Years,Mike & the Mechanics,1980,Time
684,Eternal Flame,The Bangles,1980,Love
684,Eternal Flame,The Bangles,1980,Longing for Love
685,The Look,Roxette,1980,Lust/Sex
686,She Drives Me Crazy,Fine Young Cannibals,1980,Lust/Sex
687,Like a Prayer,Madonna,1980,Lust/Sex
688,I'll Be There for You,Bon Jovi,1980,Love
689,Forever Your Girl,Paula Abdul,1980,Love
690,Rock On,Michael Damian,1980,Playing Music
690,Rock On,Michael Damian,1980,Dancing
690,Rock On,Michael Damian,1980,Bands
691,Wind Beneath My Wings,Bette Midler,1980,Appreciation
691,Wind Beneath My Wings,Bette Midler,1980,Friendship
692,I'll Be Loving You (Forever),New Kids on the Block,1980,Love
693,Satisfied,Richard Marx,1980,Lust/Sex
694,Baby Don't Forget My Number,Milli Vanilli,1980,Love
694,Baby Don't Forget My Number,Milli Vanilli,1980,Lust/Sex
695,Good Thing,Fine Young Cannibals,1980,Lost Love
696,If You Don't Know Me By Now,Simply Red,1980,Lost Love
696,If You Don't Know Me By Now,Simply Red,1980,Infidelity
697,Toy Soldiers,Martika,1980,Addiction
698,Batdance,Prince,1980,Lust/Sex
698,Batdance,Prince,1980,Batman
699,Right Here Waiting,Richard Marx,1980,Love
700,Cold Hearted,Paula Abdul,1980,Bad Relationships
701,Hangin' Tough,New Kids on the Block,1980,Badassery
701,Hangin' Tough,New Kids on the Block,1980,Dancing
702,Don't Wanna Lose You,Gloria Estefan,1980,Love
702,Don't Wanna Lose You,Gloria Estefan,1980,Lost Love
703,Girl I'm Gonna Miss You,Milli Vanilli,1980,Lost Love
704,Miss You Much,Janet Jackson,1980,Lust/Sex
705,Listen to Your Heart,Roxette,1980,Lost Love
706,When I See You Smile,Bad English,1980,Love
707,Blame it On the Rain,Milli Vanilli,1980,Lost Love
708,We Didn't Start the Fire,Billy Joel,1980,Growing Up
708,We Didn't Start the Fire,Billy Joel,1980,War
708,We Didn't Start the Fire,Billy Joel,1980,Restlessness
709,Another Day in Paradise,Phil Collins,1980,Homelessness
710,How Am I Supposed to Live Without You,Michael Bolton,1990,Lost Love
711,Opposites Attract,Paula Abdul & Wild Pair,1990,Love
712,Escapade,Janet Jackson,1990,Lust/Sex
713,Black Velvet,Alannah Myles,1990,Death
714,Love Will Lead You Back,Taylor Dayne,1990,Lost Love
715,I'll Be Your Everything,Tommy Page,1990,Love
716,Nothing Compares 2 U,Sinead O'Connor,1990,Lost Love
717,Vogue,Madonna,1990,Dancing
718,Hold On,Wilson Phillips,1990,Positivity
718,Hold On,Wilson Phillips,1990,Empowerment
719,It Must Have Been Love,Roxette,1990,Lost Love
720,Step by Step,New Kids on the Block,1990,Longing for Love
721,She Ain't Worth It,Glenn Medeiros ft. Bobby Brown,1990,Bad Relationships
722,Vision of Love,Mariah Carey,1990,Longing for Love
723,If Wishes Came True,Sweet Sensation,1990,Lost Love
723,If Wishes Came True,Sweet Sensation,1990,Longing for Love
724,Blaze of Glory,Jon Bon Jovi,1990,Badassery
724,Blaze of Glory,Jon Bon Jovi,1990,Survival
724,Blaze of Glory,Jon Bon Jovi,1990,Violence
725,Release Me,Wilson Phillips,1990,Lost Love
727,Close to You,Maxi Priest,1990,Longing for Love
727,Close to You,Maxi Priest,1990,Bad Relationships
728,Praying For Time,George Michael,1990,Materialism
728,Praying For Time,George Michael,1990,Poverty
728,Praying For Time,George Michael,1990,God
729,I Don't Have the Heart,James Ingram,1990,Lost Love
730,Black Cat,Janet Jackson,1990,Bad Behavior
730,Black Cat,Janet Jackson,1990,Violence
731,Ice Ice Baby,Vanilla Ice,1990,Bragging
731,Ice Ice Baby,Vanilla Ice,1990,Playing Music
731,Ice Ice Baby,Vanilla Ice,1990,Partying
732,Love Takes Time,Mariah Carey,1990,Lost Love
733,I'm Your Baby Tonight,Whitney Houston,1990,Lust/Sex
734,Because I Love You (The Postman Song),Stevie B,1990,Lost Love
735,Justify My Love,Madonna,1990,Lust/Sex
736,Love Will Never Do (Without You),Janet Jackson,1990,Love
737,The First Time,Surface,1990,Love
738,Gonna Make You Sweat (Everybody Dance Now),C+C Music Factory ft. Freedom Williams,1990,Dancing
739,All the Man that I Need,Whitney Houston,1990,Love
740,Someday,Mariah Carey,1990,Lost Love
740,Someday,Mariah Carey,1990,Empowerment
741,One More Try,Timmy T,1990,Lost Love
742,Coming Out of the Dark,Gloria Estefan,1990,Empowerment
742,Coming Out of the Dark,Gloria Estefan,1990,Redemption
743,I've Been Thinking About You,Londonbeat,1990,Lost Love
744,You're in Love,Wilson Phillips,1990,Lost Love
745,Baby Baby,Amy Grant,1990,Love
746,Joyride,Roxette,1990,Love
747,I Like The Way (Kissing Game),Hi-Five,1990,Love
747,I Like The Way (Kissing Game),Hi-Five,1990,Lust/Sex
748,I Don't Wanna Cry,Mariah Carey,1990,Lost Love
749,More Than Words,Extreme,1990,Love
749,More Than Words,Extreme,1990,Lost Love
750,Rush Rush,Paula Abdul,1990,Longing for Love
750,Rush Rush,Paula Abdul,1990,Love
751,Unbelievable,EMF,1990,Lust/Sex
752,(Everything I Do) I Do It For You,Bryan Adams,1990,Love
753,The Promise of a New Day,Paula Abdul,1990,Empowerment
753,The Promise of a New Day,Paula Abdul,1990,Redemption
754,I Adore Mi Amor,Color Me Badd,1990,Love
755,Good Vibrations,Marky Mark & the Funky Bunch ft. Loleatta Holloway,1990,Dancing
755,Good Vibrations,Marky Mark & the Funky Bunch ft. Loleatta Holloway,1990,Partying
756,Emotions,Mariah Carey,1990,Love
757,Romantic,Karyn White,1990,Lust/Sex
758,Cream,Prince & the New Power Generation,1990,Lust/Sex
759,When a Man Loves a Woman,Michael Bolton,1990,Love
760,Set Adrift on Memory Bliss,P.M. Dawn,1990,Lost Love
761,Black or White,Michael Jackson,1990,Racism
762,All 4 Love,Color Me Badd,1990,Love
763,Don't Let the Sun Go Down on Me,George Michael & Elton John,1990,Lost Love
764,I'm Too Sexy,Right Said Fred,1990,Lust/Sex
765,To Be With You,Mr. Big,1990,Love
765,To Be With You,Mr. Big,1990,Longing for Love
766,Save the Best for Last,Vanessa Williams,1990,Bad Relationships
766,Save the Best for Last,Vanessa Williams,1990,Longing for Love
766,Save the Best for Last,Vanessa Williams,1990,Love
767,Jump,Kris Kross,1990,Bragging
767,Jump,Kris Kross,1990,Dancing
767,Jump,Kris Kross,1990,Partying
767,Jump,Kris Kross,1990,Playing Music
768,I'll Be There,Mariah Carey,1990,Love
769,Baby Got Back,Sir Mix-a-Lot,1990,Lust/Sex
770,This Used to Be My Playground,Madonna,1990,Better Times
770,This Used to Be My Playground,Madonna,1990,Lost Love
771,End of the Road,Boyz II Men,1990,Lost Love
772,How Do You Talk to an Angel,The Heights,1990,Longing for Love
773,I Will Always Love You,Whitney Houston,1990,Lost Love
774,A Whole New World,Peabo Bryson & Regina Belle,1990,Dreaming
774,A Whole New World,Peabo Bryson & Regina Belle,1990,Love
774,A Whole New World,Peabo Bryson & Regina Belle,1990,Positivity
774,A Whole New World,Peabo Bryson & Regina Belle,1990,Flying
775,Informer,Snow,1990,Violence
775,Informer,Snow,1990,Police
776,Freak Me,Silk,1990,Lust/Sex
777,That's the Way Love Goes,Janet Jackson,1990,Lust/Sex
778,Weak,SWV,1990,Longing for Love
779,(I Can't Help) Falling in Love With You,UB40,1990,Love
780,Dreamlover,Mariah Carey,1990,Love
780,Dreamlover,Mariah Carey,1990,Longing for Love
781,I'd Do Anything For Love (But I Won't Do That),Meat Loaf,1990,Love
781,I'd Do Anything For Love (But I Won't Do That),Meat Loaf,1990,Doubt
781,I'd Do Anything For Love (But I Won't Do That),Meat Loaf,1990,Escape
782,Again,Janet Jackson,1990,Bad Relationships
782,Again,Janet Jackson,1990,Longing for Love
782,Again,Janet Jackson,1990,Lost Love
783,Hero,Mariah Carey,1990,Empowerment
783,Hero,Mariah Carey,1990,Appreciation
784,All For Love,"Bryan Adams, Rod Stewart, & Sting",1990,Longing for Love
784,All For Love,"Bryan Adams, Rod Stewart, & Sting",1990,Love
785,The Power of Love,Céline Dion,1990,Love
786,The Sign,Ace of Base,1990,Bad Relationships
787,Bump n' Grind,R. Kelly,1990,Lust/Sex
788,I Swear,All-4-One,1990,Love
789,Stay (I Missed You),Lisa Loeb & Nine Stories,1990,Lost Love
790,I'll Make Love to You,Boyz II Men,1990,Lust/Sex
791,On Bended Knee,Boyz II Men,1990,Lost Love
791,On Bended Knee,Boyz II Men,1990,Redemption
792,Here Comes the Hotstepper,Ini Kamoze,1990,Bragging
792,Here Comes the Hotstepper,Ini Kamoze,1990,Badassery
793,Creep,TLC,1990,Lust/Sex
793,Creep,TLC,1990,Bad Relationships
793,Creep,TLC,1990,Infidelity
794,Take a Bow,Madonna,1990,Lost Love
795,This Is How We Do It,Montell Jordan,1990,Partying
795,This Is How We Do It,Montell Jordan,1990,Bragging
796,Have You Ever Really Loved a Woman?,Bryan Adams,1990,Love
797,Waterfalls,TLC,1990,Addiction
797,Waterfalls,TLC,1990,Death
797,Waterfalls,TLC,1990,Poverty
797,Waterfalls,TLC,1990,Violence
798,Kiss From a Rose,Seal,1990,Love
799,You Are Not Alone,Michael Jackson,1990,Lost Love
799,You Are Not Alone,Michael Jackson,1990,God
799,You Are Not Alone,Michael Jackson,1990,Faithfulness
800,Gangsta's Paradise,Coolio ft. LV,1990,Poverty
800,Gangsta's Paradise,Coolio ft. LV,1990,Death
800,Gangsta's Paradise,Coolio ft. LV,1990,Violence
801,Fantasy,Mariah Carey,1990,Lust/Sex
802,Exhale (Shoop Shoop),Whitney Houston,1990,Calming Down
803,One Sweet Day,Mariah Carey & Boyz II Men,1990,Death
803,One Sweet Day,Mariah Carey & Boyz II Men,1990,Faithfulness
804,Because You Loved Me,Céline Dion,1990,Love
805,Always Be My Baby,Mariah Carey,1990,Getting Back Together
805,Always Be My Baby,Mariah Carey,1990,Love
805,Always Be My Baby,Mariah Carey,1990,Lost Love
806,Tha Crossroads,Bone Thugs-N-Harmony,1990,Death
807,How Do U Want It,2Pac ft. K-Ci & Jojo,1990,Lust/Sex
807,How Do U Want It,2Pac ft. K-Ci & Jojo,1990,Bragging
807,How Do U Want It,2Pac ft. K-Ci & Jojo,1990,Badassery
808,You're Makin' Me High,Toni Braxton,1990,Lust/Sex
808,You're Makin' Me High,Toni Braxton,1990,Masturbation
809,Macarena (Bayside Boys Mix),Los del Río,1990,Lust/Sex
809,Macarena (Bayside Boys Mix),Los del Río,1990,Bad Relationships
809,Macarena (Bayside Boys Mix),Los del Río,1990,Infidelity
810,No Diggity,BLACKstreet ft. Dr. Dre,1990,Lust/Sex
810,No Diggity,BLACKstreet ft. Dr. Dre,1990,Partying
811,Un-Break My Heart,Toni Braxton,1990,Lost Love
811,Un-Break My Heart,Toni Braxton,1990,Longing for Love
812,Wannabe,Spice Girls,1990,Empowerment
812,Wannabe,Spice Girls,1990,Friendship
812,Wannabe,Spice Girls,1990,Love
813,Can't Nobody Hold Me Down,Puff Daddy ft. Mase,1990,Bragging
813,Can't Nobody Hold Me Down,Puff Daddy ft. Mase,1990,Materialism
813,Can't Nobody Hold Me Down,Puff Daddy ft. Mase,1990,Badassery
814,Hypnotize,The Notorious B.I.G.,1990,Bragging
814,Hypnotize,The Notorious B.I.G.,1990,Materialism
814,Hypnotize,The Notorious B.I.G.,1990,Badassery
814,Hypnotize,The Notorious B.I.G.,1990,Lust/Sex
815,MMMBop,Hanson,1990,Lost Love
815,MMMBop,Hanson,1990,Time
816,I'll Be Missing You,"Puff Daddy, Faith Evans, & 112",1990,Death
816,I'll Be Missing You,"Puff Daddy, Faith Evans, & 112",1990,Regret
816,I'll Be Missing You,"Puff Daddy, Faith Evans, & 112",1990,Time
817,Mo Money Mo Problems,The Notorious B.I.G. ft. Puff Daddy & Mase,1990,Bragging
817,Mo Money Mo Problems,The Notorious B.I.G. ft. Puff Daddy & Mase,1990,Materialism
817,Mo Money Mo Problems,The Notorious B.I.G. ft. Puff Daddy & Mase,1990,Badassery
817,Mo Money Mo Problems,The Notorious B.I.G. ft. Puff Daddy & Mase,1990,Lust/Sex
818,Honey,Mariah Carey,1990,Lust/Sex
819,4 Seasons of Loneliness,Boyz II Men,1990,Lost Love
820,Candle in the Wind 1997,Elton John,1990,Death
821,Truly Madly Deeply,Savage Garden,1990,Love
822,Together Again,Janet Jackson,1990,Hope
822,Together Again,Janet Jackson,1990,Faithfulness
822,Together Again,Janet Jackson,1990,Friendship
823,Nice & Slow,Usher,1990,Lust/Sex
824,My Heart Will Go On,Céline Dion,1990,Love
824,My Heart Will Go On,Céline Dion,1990,Faithfulness
824,My Heart Will Go On,Céline Dion,1990,Death
825,Gettin' Jiggy wit It,Will Smith,1990,Bragging
825,Gettin' Jiggy wit It,Will Smith,1990,Badassery
825,Gettin' Jiggy wit It,Will Smith,1990,Dancing
825,Gettin' Jiggy wit It,Will Smith,1990,Partying
825,Gettin' Jiggy wit It,Will Smith,1990,Lust/Sex
826,All My Life,K-Ci & JoJo,1990,Longing for Love
827,Too Close,Next,1990,Lust/Sex
828,My All,Mariah Carey,1990,Lost Love
829,The Boy is Mine,Brandy & Monica,1990,Lust/Sex
829,The Boy is Mine,Brandy & Monica,1990,Fighting
830,I Don't Want to Miss a Thing,Aerosmith,1990,Love
831,The First Night,Monica,1990,Lust/Sex
831,The First Night,Monica,1990,Restraint
832,One Week,Barenaked Ladies,1990,Fighting
832,One Week,Barenaked Ladies,1990,Getting Back Together
833,Doo Wop (That Thing),Lauryn Hill,1990,Lust/Sex
833,Doo Wop (That Thing),Lauryn Hill,1990,Bad Relationships
833,Doo Wop (That Thing),Lauryn Hill,1990,Materialism
834,Lately,Divine,1990,Lost Love
835,I'm Your Angel,R. Kelly & Céline Dion,1990,Love
835,I'm Your Angel,R. Kelly & Céline Dion,1990,Faithfulness
836,Have You Ever?,Brandy,1990,Love
837,…Baby One More Time,Britney Spears,1990,Lost Love
838,Angel of Mine,Monica,1990,Love
839,Believe,Cher,1990,Lost Love
839,Believe,Cher,1990,Empowerment
840,No Scrubs,TLC,1990,Bad Relationships
840,No Scrubs,TLC,1990,Empowerment
841,Livin' la Vida Loca,Ricky Martin,1990,Bad Relationships
842,If You Had My Love,Jennifer Lopez,1990,Love
842,If You Had My Love,Jennifer Lopez,1990,Bad Relationships
843,"Bills, Bills, Bills",Destiny's Child,1990,Lost Love
843,"Bills, Bills, Bills",Destiny's Child,1990,Empowerment
843,"Bills, Bills, Bills",Destiny's Child,1990,Poverty
844,Wild Wild West,Will Smith ft. Dru Hill & Kool Moe Dee,1990,Bragging
844,Wild Wild West,Will Smith ft. Dru Hill & Kool Moe Dee,1990,Lust/Sex
844,Wild Wild West,Will Smith ft. Dru Hill & Kool Moe Dee,1990,Murder
845,Genie in a Bottle,Christina Aguilera,1990,Lust/Sex
846,Bailamos,Enrique Iglesias,1990,Dancing
847,Unpretty,TLC,1990,Pain
847,Unpretty,TLC,1990,Bad Relationships
848,Heartbreaker,Mariah Carey ft. Jay-Z,1990,Lost Love
849,Smooth,Santana ft. Rob Thomas,1990,Lust/Sex
850,What a Girl Wants,Christina Aguilera,2000,Love
851,I Knew I Loved You,Savage Garden,2000,Love
852,Thank God I Found You,Mariah Carey ft. Joe & 98 Degrees,2000,Love
853,Amazed,Lonestar,2000,Love
854,Say My Name,Destiny's Child,2000,Infidelity
854,Say My Name,Destiny's Child,2000,Bad Relationships
855,Maria Maria,Santana ft. The Product G&B,2000,Love
855,Maria Maria,Santana ft. The Product G&B,2000,Playing Music
856,Try Again,Aaliyah,2000,Lust/Sex
857,Be with You,Enrique Iglesias,2000,Longing for Love
857,Be with You,Enrique Iglesias,2000,Lost Love
858,Everything You Want,Vertical Horizon,2000,Lost Love
858,Everything You Want,Vertical Horizon,2000,Bad Relationships
858,Everything You Want,Vertical Horizon,2000,Restlessness
859,Bent,Matchbox Twenty,2000,Pain
859,Bent,Matchbox Twenty,2000,Bad Behavior
859,Bent,Matchbox Twenty,2000,Restlessness
860,It's Gonna Be Me,NSYNC,2000,Bad Relationships
860,It's Gonna Be Me,NSYNC,2000,Lost Love
860,It's Gonna Be Me,NSYNC,2000,Longing for Love
861,Incomplete,Sisqó,2000,Longing for Love
862,Doesn't Really Matter,Janet Jackson,2000,Love
862,Doesn't Really Matter,Janet Jackson,2000,Appreciation
862,Doesn't Really Matter,Janet Jackson,2000,Respect
863,Music,Madonna,2000,Dancing
864,Come On Over Baby (All I Want Is You),Christina Aguilera,2000,Lust/Sex
865,With Arms Wide Open,Christina Aguilera,2000,Child Birth
865,With Arms Wide Open,Christina Aguilera,2000,Family
865,With Arms Wide Open,Christina Aguilera,2000,Redemption
866,"Independent Women, Part 1",Destiny's Child,2000,Empowerment
866,"Independent Women, Part 1",Destiny's Child,2000,Bragging
866,"Independent Women, Part 1",Destiny's Child,2000,Badassery
867,It Wasn't Me,"Shaggy ft. Ricardo ""RikRok"" Ducent",2000,Infidelity
868,Ms. Jackson,Outkast,2000,Lost Love
868,Ms. Jackson,Outkast,2000,Bad Relationships
869,Stutter,Joe ft. Mystikal,2000,Infidelity
869,Stutter,Joe ft. Mystikal,2000,Bad Relationships
870,Butterfly,Crazy Town,2000,Lust/Sex
871,Angel,Shaggy ft. Rayvon,2000,Love
871,Angel,Shaggy ft. Rayvon,2000,Longing for Love
871,Angel,Shaggy ft. Rayvon,2000,Appreciation
872,All for You,Janet Jackson,2000,Lust/Sex
873,Lady Marmalade,"Christina Aguilera, Lil' Kim, Mýa, & Pink",2000,Lust/Sex
874,U Remind Me,Usher,2000,Bad Relationships
874,U Remind Me,Usher,2000,Longing for Love
874,U Remind Me,Usher,2000,Lost Love
874,U Remind Me,Usher,2000,Infidelity
875,Bootylicious,Destiny's Child,2000,Lust/Sex
875,Bootylicious,Destiny's Child,2000,Empowerment
876,Fallin',Alicia Keys,2000,Love
876,Fallin',Alicia Keys,2000,Bad Relationships
877,I'm Real (Murder Remix),Jennifer Lopez ft. Ja Rule,2000,Lust/Sex
878,Family Affair,Mary J. Blige,2000,Partying
878,Family Affair,Mary J. Blige,2000,Dancing
879,U Got It Bad,Usher,2000,Lost Love
880,How You Remind Me,Nickelback,2000,Lost Love
881,Always on Time,Ja Rule ft. Ashanti,2000,Lust/Sex
882,Ain't it Funny (Murder Remix),Jennifer Lopez ft. Ja Rule & Caddillac Tah,2000,Lost Love
882,Ain't it Funny (Murder Remix),Jennifer Lopez ft. Ja Rule & Caddillac Tah,2000,Empowerment
883,Foolish,Ashanti,2000,Bad Relationships
884,Hot in Herre,Nelly,2000,Lust/Sex
885,Dilemma,Nelly ft. Kelly Rowland,2000,Infidelity
885,Dilemma,Nelly ft. Kelly Rowland,2000,Lust/Sex
886,A Moment Like This,Kelly Clarkson,2000,Love
886,A Moment Like This,Kelly Clarkson,2000,Dreaming
887,Lose Yourself,Eminem,2000,Dreaming
887,Lose Yourself,Eminem,2000,Doubt
887,Lose Yourself,Eminem,2000,Redemption
887,Lose Yourself,Eminem,2000,Survival
888,"Bump, Bump, Bump",B2K ft. P. Diddy,2000,Lust/Sex
889,All I Have,Jennifer Lopez ft. LL Cool J,2000,Lost Love
890,In da Club,50 Cent,2000,Partying
890,In da Club,50 Cent,2000,Bragging
890,In da Club,50 Cent,2000,Lust/Sex
891,Get Busy,Sean Paul,2000,Lust/Sex
891,Get Busy,Sean Paul,2000,Dancing
892,21 Questions,50 Cent ft. Nate Dogg,2000,Love
892,21 Questions,50 Cent ft. Nate Dogg,2000,Faithfulness
893,This is the Night,Clay Aiken,2000,Love
894,Crazy in Love,Beyoncé ft. Jay-Z,2000,Bad Relationships
895,Shake Ya Tailfeather,"Nelly, P. Diddy, & Murphy Lee",2000,Lust/Sex
895,Shake Ya Tailfeather,"Nelly, P. Diddy, & Murphy Lee",2000,Dancing
896,Baby Boy,Beyoncé ft. Sean Paul,2000,Lust/Sex
897,Stand Up,Ludacris ft. Shawnna,2000,Lust/Sex
897,Stand Up,Ludacris ft. Shawnna,2000,Bragging
897,Stand Up,Ludacris ft. Shawnna,2000,Dancing
898,Hey Ya!,Outkast,2000,Longing for Love
898,Hey Ya!,Outkast,2000,Restlessness
899,The Way You Move,Outkast ft. Sleepy Brown,2000,Lust/Sex
899,The Way You Move,Outkast ft. Sleepy Brown,2000,Dancing
900,Slow Jamz,Twista ft. Kanye West & Jamie Foxx,2000,Lust/Sex
901,Yeah!,Usher ft. Lil Jon & Ludacris,2000,Lust/Sex
901,Yeah!,Usher ft. Lil Jon & Ludacris,2000,Dancing
902,Burn,Usher,2000,Lost Love
902,Burn,Usher,2000,Longing for Love
903,I Believe,Fantasia,2000,Love
903,I Believe,Fantasia,2000,Dreaming
904,Confession Part II,Usher,2000,Infidelity
905,Slow Motion,Juvenile ft. Soulja Slim,2000,Lust/Sex
906,Lean Back,Terror Squad,2000,Dancing
906,Lean Back,Terror Squad,2000,Violence
906,Lean Back,Terror Squad,2000,Bragging
907,Goodies,Ciara ft. Petey Pablo,2000,Lust/Sex
908,My Boo,Usher & Alicia Keys,2000,Love
908,My Boo,Usher & Alicia Keys,2000,Longing for Love
909,Drop It Like It's Hot,Snoop Dogg ft. Pharrell Williams,2000,Partying
909,Drop It Like It's Hot,Snoop Dogg ft. Pharrell Williams,2000,Dancing
909,Drop It Like It's Hot,Snoop Dogg ft. Pharrell Williams,2000,Bragging
910,Let Me Love You,Mario,2000,Infidelity
910,Let Me Love You,Mario,2000,Bad Relationships
910,Let Me Love You,Mario,2000,Longing for Love
911,Candy Shop,50 Cent ft. Olivia,2000,Lust/Sex
912,Hollaback Girl,Gwen Stefani,2000,Bragging
912,Hollaback Girl,Gwen Stefani,2000,Badassery
913,We Belong Together,Mariah Carey,2000,Lost Love
913,We Belong Together,Mariah Carey,2000,Longing for Love
914,Inside Your Heaven,Carrie Underwood,2000,Longing for Love
915,Gold Digger,Kanye West ft. Jamie Foxx,2000,Materialism
915,Gold Digger,Kanye West ft. Jamie Foxx,2000,Bad Relationships
916,Run It!,Chris Brown ft. Juelz Santana,2000,Dancing
916,Run It!,Chris Brown ft. Juelz Santana,2000,Lust/Sex
917,Don't Forget About Us,Mariah Carey,2000,Lost Love
918,Laffy Taffy,D4L,2000,Lust/Sex
918,Laffy Taffy,D4L,2000,Dancing
919,Grillz,"Nelly ft. Paul Wall, Ali & Gipp",2000,Bragging
919,Grillz,"Nelly ft. Paul Wall, Ali & Gipp",2000,Badassery
919,Grillz,"Nelly ft. Paul Wall, Ali & Gipp",2000,Jewelry
920,Check on It,Beyoncé ft. Bun B & Slim Thug,2000,Dancing
920,Check on It,Beyoncé ft. Bun B & Slim Thug,2000,Lust/Sex
921,You're Beautiful,James Blunt,2000,Longing for Love
922,So Sick,Ne-Yo,2000,Lost Love
923,Temperature,Sean Paul,2000,Lust/Sex
924,Bad Day,Daniel Powter,2000,Failure
925,SOS,Rihanna,2000,Longing for Love
925,SOS,Rihanna,2000,Lust/Sex
926,Ridin',Chamillionaire ft. Krayzie Bone,2000,Badassery
926,Ridin',Chamillionaire ft. Krayzie Bone,2000,Survival
926,Ridin',Chamillionaire ft. Krayzie Bone,2000,Violence
926,Ridin',Chamillionaire ft. Krayzie Bone,2000,Police
927,Hips Don't Lie,Shakira ft. Wyclef Jean,2000,Lust/Sex
927,Hips Don't Lie,Shakira ft. Wyclef Jean,2000,Dancing
928,Do I Make You Proud,Taylor Hicks,2000,Love
928,Do I Make You Proud,Taylor Hicks,2000,Dreaming
928,Do I Make You Proud,Taylor Hicks,2000,Appreciation
929,Promiscuous,Nelly Furtado ft. Timbaland,2000,Lust/Sex
930,London Bridge,Fergie,2000,Lust/Sex
930,London Bridge,Fergie,2000,Partying
930,London Bridge,Fergie,2000,Dancing
930,London Bridge,Fergie,2000,Bragging
931,SexyBack,Justin Timberlake,2000,Lust/Sex
931,SexyBack,Justin Timberlake,2000,Bragging
932,Money Maker,Ludacris ft. Pharrell Williams,2000,Dancing
932,Money Maker,Ludacris ft. Pharrell Williams,2000,Lust/Sex
933,My Love,Justin Timberlake ft. T.I.,2000,Love
934,I Wanna Love You,Akon ft. Snoop Dogg,2000,Lust/Sex
935,Irreplaceable,Beyoncé,2000,Lost Love
936,Say It Right,Nelly Furtado,2000,Lost Love
937,What Goes Around … Comes Around,Justin Timberlake,2000,Bad Relationships
937,What Goes Around … Comes Around,Justin Timberlake,2000,Infidelity
937,What Goes Around … Comes Around,Justin Timberlake,2000,Lost Love
938,This Is Why I'm Hot,MiMS,2000,Badassery
938,This Is Why I'm Hot,MiMS,2000,Bragging
938,This Is Why I'm Hot,MiMS,2000,Partying
939,Glamorous,Fergie ft. Ludacris,2000,Fame
939,Glamorous,Fergie ft. Ludacris,2000,Materialism
940,Don't Matter,Akon,2000,Love
940,Don't Matter,Akon,2000,Forbidden Love
940,Don't Matter,Akon,2000,Infidelity
941,Give It To Me,Timbaland ft. Nelly Furtado & Justin Timberlake,2000,Bragging
942,Girlfriend,Avril Lavigne,2000,Love
943,Makes Me Wonder,Maroon 5,2000,Lost Love
943,Makes Me Wonder,Maroon 5,2000,Bad Relationships
944,Buy U a Drank (Shawty Snappin'),T-Pain ft. Yung Joc,2000,Lust/Sex
945,Umbrella,Rihanna ft. Jay-Z,2000,Love
946,Hey There Delilah,Plain White-T's,2000,Longing for Love
947,Beautiful Girls,Sean Kingston,2000,Longing for Love
947,Beautiful Girls,Sean Kingston,2000,Bad Relationships
948,Big Girls Don't Cry,Fergie,2000,Lost Love
949,Crank That (Soulja Boy),Soulja Boy Tell 'Em,2000,Dancing
949,Crank That (Soulja Boy),Soulja Boy Tell 'Em,2000,Lust/Sex
950,Stronger,Kanye West,2000,Bragging
950,Stronger,Kanye West,2000,Lust/Sex
951,Kiss Kiss,Chris Brown ft. T-Pain,2000,Lust/Sex
952,No One,Alicia Keys,2000,Longing for Love
952,No One,Alicia Keys,2000,Love
953,Low,Flo Rida ft. T-Pain,2000,Lust/Sex
954,Love in This Club,Usher ft. Young Jeezy,2000,Lust/Sex
955,Bleeding Love,Leona Lewis,2000,Lost Love
956,Touch My Body,Mariah Carey,2000,Lust/Sex
957,Lollipop,Lil Wayne ft. Static Major,2000,Lust/Sex
958,Take a Bow,Rihanna,2000,Infidelity
959,Viva La Vida,Coldplay,2000,Better Times
959,Viva La Vida,Coldplay,2000,Sin
959,Viva La Vida,Coldplay,2000,Endings/Goodbyes
960,I Kissed a Girl,Katy Perry,2000,Forbidden Love
960,I Kissed a Girl,Katy Perry,2000,Lust/Sex
961,Disturbia,Rihanna,2000,Paranoia
961,Disturbia,Rihanna,2000,Superstition
962,Whatever You Like,T.I.,2000,Lust/Sex
962,Whatever You Like,T.I.,2000,Materialism
963,So What,P!nk,2000,Lost Love
963,So What,P!nk,2000,Empowerment
964,Live Your Life,T.I. ft. Rihanna,2000,Empowerment
965,Womanizer,Britney Spears,2000,Bad Relationships
965,Womanizer,Britney Spears,2000,Infidelity
965,Womanizer,Britney Spears,2000,Empowerment
966,Single Ladies (Put a Ring on It),Beyoncé,2000,Lost Love
966,Single Ladies (Put a Ring on It),Beyoncé,2000,Bad Relationships
966,Single Ladies (Put a Ring on It),Beyoncé,2000,Empowerment
967,Just Dance,Lady Gaga ft. Colby O'Donis,2000,Dancing
967,Just Dance,Lady Gaga ft. Colby O'Donis,2000,Partying
968,My Life Would Suck Without You,Kelly Clarkson,2000,Getting Back Together
969,Crack a Bottle,"Eminem, Dr. Dre, & 50 Cent",2000,Lust/Sex
969,Crack a Bottle,"Eminem, Dr. Dre, & 50 Cent",2000,Partying
970,Right Round,Flo Rida,2000,Lust/Sex
971,Poker Face,Lady Gaga,2000,Lust/Sex
972,Boom Boom Pow,The Black Eyed Peas,2000,Dancing
972,Boom Boom Pow,The Black Eyed Peas,2000,Partying
972,Boom Boom Pow,The Black Eyed Peas,2000,Bragging
973,I Gotta Feeling,The Black Eyed Peas,2000,Partying
974,Down,Jay Sean ft. Lil Wayne,2000,Lust/Sex
975,3,Britney Spears,2000,Lust/Sex
976,Fireflies,Owl City,2000,Insomnia
977,Whatcha Say,Jason Derulo,2000,Infidelity
978,Empire State of Mind,Jay-Z & Alicia Keys,2000,New York
978,Empire State of Mind,Jay-Z & Alicia Keys,2000,Fame
978,Empire State of Mind,Jay-Z & Alicia Keys,2000,Bragging
979,Tik Tok,Kesha,2010,Partying
980,Imma Be,The Black Eyed Peas,2010,Bragging
981,Break Your Heart,Taio Cruz ft. Ludacris,2010,Bad Relationships
982,Rude Boy,Rihanna,2010,Lust/Sex
983,Nothin' On You,B.o.B. ft. Bruno Mars,2010,Faithfulness
983,Nothin' On You,B.o.B. ft. Bruno Mars,2010,Love
984,OMG,Usher ft. will.i.am,2010,Lust/Sex
985,Not Afraid,Eminem,2010,Redemption
986,California Gurls,Katy Perry ft. Snoop Dogg,2010,Lust/Sex
986,California Gurls,Katy Perry ft. Snoop Dogg,2010,Partying
987,Love the Way You Lie,Eminem ft. Rihanna,2010,Bad Relationships
988,Teenage Dream,Katy Perry,2010,Love
989,Just the Way You Are,Bruno Mars,2010,Love
989,Just the Way You Are,Bruno Mars,2010,Appreciation
990,Like a G6,Far East Movement ft. The Cataracs & Dev,2010,Partying
991,We R Who We R,Kesha,2010,Partying
991,We R Who We R,Kesha,2010,Self-Acceptance
992,What's My Name?,Rihanna ft. Drake,2010,Lust/Sex
993,Only Girl (In the World),Rihanna,2010,Lust/Sex
994,Raise Your Glass,P!nk,2010,Partying
994,Raise Your Glass,P!nk,2010,Self-Acceptance
995,Firework,Katy Perry,2010,Self-Acceptance
996,Grenade,Bruno Mars,2010,Love
996,Grenade,Bruno Mars,2010,Lost Love
996,Grenade,Bruno Mars,2010,Infidelity
997,Hold It Against Me,Britney Spears,2010,Lust/Sex
998,Black and Yellow,Wiz Khalifa,2010,Bragging
999,Born This Way,Lady Gaga,2010,Self-Acceptance
1000,E.T.,Katy Perry ft. Kanye West,2010,Lust/Sex
1001,S&M,Rihanna ft. Britney Spears,2010,Lust/Sex
1001,S&M,Rihanna ft. Britney Spears,2010,Violence
1002,Rolling in the Deep,Adele,2010,Lost Love
1003,Give Me Everything,"Pitbull ft. Ne-Yo, Afrojack, & Nayer",2010,Partying
1003,Give Me Everything,"Pitbull ft. Ne-Yo, Afrojack, & Nayer",2010,Bragging
1003,Give Me Everything,"Pitbull ft. Ne-Yo, Afrojack, & Nayer",2010,Lust/Sex
1004,Party Rock Anthem,LMFAO ft. Lauren Bennett & GoonRock,2010,Partying
1005,Last Friday Night (T.G.I.F.),Katy Perry,2010,Partying
1006,Moves Like Jagger,Maroon 5 ft. Christina Aguilera,2010,Lust/Sex
1007,Someone Like You,Adele,2010,Lost Love
1008,We Found Love,Rihanna ft. Calvin Harris,2010,Longing for Love
1009,Sexy and I Know It,LMFAO,2010,Bragging
1009,Sexy and I Know It,LMFAO,2010,Badassery
1010,Set Fire to the Rain,Adele,2010,Lost Love
1011,Stronger (What Doesn't Kill You),Kelly Clarkson,2010,Empowerment
1011,Stronger (What Doesn't Kill You),Kelly Clarkson,2010,Lost Love
1012,Part of Me,Katy Perry,2010,Empowerment
1012,Part of Me,Katy Perry,2010,Lost Love
1013,We Are Young,fun. ft. Janelle Monáe,2010,Friendship
1013,We Are Young,fun. ft. Janelle Monáe,2010,Love
1013,We Are Young,fun. ft. Janelle Monáe,2010,Sadness
1014,Somebody That I Used to Know,Gotye ft. Kimbra,2010,Lost Love
1015,Call Me Maybe,Carly Rae Jepsen,2010,Longing for Love
1016,Whistle,Flo Rida,2010,Lust/Sex
1017,We Are Never Ever Getting Back Together,Taylor Swift,2010,Bad Relationships
1017,We Are Never Ever Getting Back Together,Taylor Swift,2010,Lost Love
1018,One More Night,Maroon 5,2010,Lust/Sex
1018,One More Night,Maroon 5,2010,Bad Relationships
1019,Diamonds,Rihanna,2010,Love
1020,Locked Out of Heaven,Bruno Mars,2010,Bad Relationships
1021,Thrift Shop,Macklemore & Ryan Lewis ft. Wanz,2010,Thrift Shopping
1021,Thrift Shop,Macklemore & Ryan Lewis ft. Wanz,2010,Bragging
1023,When I Was Your Man,Bruno Mars,2010,Lost Love
1024,Just Give Me a Reason,P!nk ft. Nate Ruess,2010,Lost Love
1025,Can't Hold Us,Macklemore & Ryan Lewis ft. Ray Dalton,2010,Bragging
1025,Can't Hold Us,Macklemore & Ryan Lewis ft. Ray Dalton,2010,Partying
1026,Blurred Lines,Robin Thicke ft. T.I. & Pharrell Williiams,2010,Lust/Sex
1027,Roar,Katy Perry,2010,Empowerment
1027,Roar,Katy Perry,2010,Hope
1028,Wrecking Ball,Miley Cyrus,2010,Lost Love
1029,Royals,Lorde,2010,Materialism
1029,Royals,Lorde,2010,Escape
1030,The Monster,Eminem ft. Rihanna,2010,Empowerment
1030,The Monster,Eminem ft. Rihanna,2010,Doubt
1030,The Monster,Eminem ft. Rihanna,2010,Paranoia
1031,Timber,Pitbull ft. Kesha,2010,Partying
1032,Dark Horse,Katy Perry ft. Juicy J,2010,Lust/Sex
1032,Dark Horse,Katy Perry ft. Juicy J,2010,Longing for Love
1033,Happy,Pharrell Williams,2010,Happiness
1034,All of Me,John Legend,2010,Love
1035,Fancy,Iggy Azalea ft. Charli XCX,2010,Partying
1035,Fancy,Iggy Azalea ft. Charli XCX,2010,Materialism
1036,Rude,MAGIC!,2010,Marriage
1037,Shake It Off,Taylor Swift,2010,Lost Love
1037,Shake It Off,Taylor Swift,2010,Resilience
1038,All About that Bass,Meghan Trainor,2010,Empowerment
1039,Blank Space,Taylor Swift,2010,Lost Love
1039,Blank Space,Taylor Swift,2010,Bad Relationships
1040,Uptown Funk,Mark Ronson ft. Bruno Mars,2010,Bragging
1040,Uptown Funk,Mark Ronson ft. Bruno Mars,2010,Badassery
1040,Uptown Funk,Mark Ronson ft. Bruno Mars,2010,Dancing
1040,Uptown Funk,Mark Ronson ft. Bruno Mars,2010,Partying
1041,See You Again,Wiz Khalifa ft. Charlie Puth,2010,Death
1042,Bad Blood,Taylor Swift ft. Kendrick Lamar,2010,Bad Relationships
1042,Bad Blood,Taylor Swift ft. Kendrick Lamar,2010,Lost Love
1043,Cheerleader,OMI,2010,Love
1043,Cheerleader,OMI,2010,Lust/Sex
1044,Can't Feel My Face,The Weeknd,2010,Partying
1044,Can't Feel My Face,The Weeknd,2010,Bad Behavior
1045,What Do You Mean?,Justin Bieber,2010,Bad Relationships
1046,The Hills,The Weeknd,2010,Infidelity
1046,The Hills,The Weeknd,2010,Lust/Sex
1046,The Hills,The Weeknd,2010,Addiction
1047,Hello,Adele,2010,Lost Love
1048,Sorry,Justin Bieber,2010,Getting Back Together
1048,Sorry,Justin Bieber,2010,Longing for Love
1049,Love Yourself,Justin Bieber,2010,Bad Relationships
1050,PILLOWTALK,Zayn,2010,Bad Relationships
1050,PILLOWTALK,Zayn,2010,Lust/Sex
1051,Work,Rihanna ft. Drake,2010,Lost Love
1052,Panda,Desiigner,2010,Bragging
1052,Panda,Desiigner,2010,Badassery
1052,Panda,Desiigner,2010,Driving
1053,One Dance,Drake ft. Wizkid & Kyla,2010,Dancing
1053,One Dance,Drake ft. Wizkid & Kyla,2010,Lust/Sex
1054,CAN'T STOP THE FEELING!,Justin Timberlake,2010,Dancing
1055,Cheap Thrills,Sia ft. Sean Paul,2010,Partying
1056,Closer,The Chainsmokers ft. Halsey,2010,Love
1056,Closer,The Chainsmokers ft. Halsey,2010,Growing Up
1057,Black Beatles,Rae Sremmurd ft. Gucci Mane,2010,Partying
1057,Black Beatles,Rae Sremmurd ft. Gucci Mane,2010,Lust/Sex
1057,Black Beatles,Rae Sremmurd ft. Gucci Mane,2010,Bragging
1058,Starboy,The Weeknd ft. Daft Punk,2010,Partying
1058,Starboy,The Weeknd ft. Daft Punk,2010,Materialism
1059,Bad and Boujee,Migos ft. Lil Uzi Vert,2010,Bragging
1059,Bad and Boujee,Migos ft. Lil Uzi Vert,2010,Badassery
1059,Bad and Boujee,Migos ft. Lil Uzi Vert,2010,Partying
1060,Shape of You,Ed Sheeran,2010,Lust/Sex
1061,HUMBLE.,Kendrick Lamar,2010,Redemption
1061,HUMBLE.,Kendrick Lamar,2010,Respect
1061,HUMBLE.,Kendrick Lamar,2010,Restraint
1061,HUMBLE.,Kendrick Lamar,2010,Bragging
1062,That's What I Like,Bruno Mars,2010,Lust/Sex
1062,That's What I Like,Bruno Mars,2010,Materialism
1063,I'm the One,"DJ Khaled ft. Justin Bieber, Quavo, Chance the Rapper, & Lil Wayne",2010,Lust/Sex
1064,Despacito,Luis Fonsi & Daddy Yankee ft. Justin Bieber,2010,Lust/Sex
1065,Look What You Made Me Do,Taylor Swift,2010,Resilience
1065,Look What You Made Me Do,Taylor Swift,2010,Empowerment
1066,Bodak Yellow,Cardi B,2010,Bragging
1066,Bodak Yellow,Cardi B,2010,Materialism
1066,Bodak Yellow,Cardi B,2010,Badassery
1067,rockstar,Post Malone ft. 21 Savage,2010,Partying
1067,rockstar,Post Malone ft. 21 Savage,2010,Bad Behavior
1067,rockstar,Post Malone ft. 21 Savage,2010,Bragging
1067,rockstar,Post Malone ft. 21 Savage,2010,Materialism
1067,rockstar,Post Malone ft. 21 Savage,2010,Lust/Sex
1068,Perfect,Ed Sheeran & Beyoncé,2010,Love
1069,Havana,Camila Cabello ft. Young Thug,2010,Lust/Sex
1070,God's Plan,Drake,2010,Faithfulness
1070,God's Plan,Drake,2010,Empowerment
1070,God's Plan,Drake,2010,Fame
1071,Nice For What,Drake,2010,Partying
1071,Nice For What,Drake,2010,Lost Love
1071,Nice For What,Drake,2010,Lust/Sex
1072,This is America,Childish Gambino,2010,Violence
1073,Psycho,Post Malone ft. Ty Dolla $ign,2010,Bragging
1073,Psycho,Post Malone ft. Ty Dolla $ign,2010,Partying
1074,SAD!,XXXTENTACION,2010,Lost Love
1075,I Like It,"Cardi B, Bad Bunny, & J Balvin",2010,Materialism
1075,I Like It,"Cardi B, Bad Bunny, & J Balvin",2010,Bragging
1076,In My Feelings,Drake,2010,Longing for Love
1077,Girls Like You,Maroon 5 ft. Cardi B,2010,Longing for Love
1077,Girls Like You,Maroon 5 ft. Cardi B,2010,Getting Back Together
1078,"thank u, next",Ariana Grande,2010,Lost Love
1079,SICKO MODE,Travis Scott,2010,Lust/Sex
1079,SICKO MODE,Travis Scott,2010,Partying
1079,SICKO MODE,Travis Scott,2010,Materialism
1080,Without Me,Halsey,2010,Lost Love
1080,Without Me,Halsey,2010,Bad Relationships
1081,Sunflower,Post Malone & Swae Lee,2010,Lost Love
1082,7 rings,Ariana Grande,2010,Lost Love
1082,7 rings,Ariana Grande,2010,Empowerment
1082,7 rings,Ariana Grande,2010,Materialism
1083,Shallow,Lady Gaga & Bradley Cooper,2010,Doubt
1083,Shallow,Lady Gaga & Bradley Cooper,2010,Escape
1083,Shallow,Lady Gaga & Bradley Cooper,2010,Restlessness
1084,Sucker,Jonas Brothers,2010,Lust/Sex
1085,Old Town Road,Lil Nas X ft. Billy Ray Cyrus,2010,Lust/Sex
1085,Old Town Road,Lil Nas X ft. Billy Ray Cyrus,2010,Bragging
1085,Old Town Road,Lil Nas X ft. Billy Ray Cyrus,2010,Materialism
1086,bad guy,Billie Eilish,2010,Badassery
1086,bad guy,Billie Eilish,2010,Lust/Sex
1086,bad guy,Billie Eilish,2010,Forbidden Love
1087,Señorita,Shawn Mendes & Camila Cabello,2010,Lust/Sex
1088,Truth Hurts,Lizzo,2010,Lost Love
1088,Truth Hurts,Lizzo,2010,Empowerment
1089,HIGHEST IN THE ROOM,Travis Scott,2010,Partying
1089,HIGHEST IN THE ROOM,Travis Scott,2010,Lust/Sex
1090,Someone You Loved,Lewis Capaldi,2010,Lost Love
1091,Lose You to Love Me,Selena Gomez,2010,Lost Love
1092,Circles,Post Malone,2010,Lost Love
1092,Circles,Post Malone,2010,Bad Relationships
1093,Heartless,The Weeknd,2010,Lust/Sex
1094,All I Want for Christmas is You,Mariah Carey,2010,Longing for Love
1094,All I Want for Christmas is You,Mariah Carey,2010,Christmas
1095,The Box,Roddy Ricch,2020,Bragging
1095,The Box,Roddy Ricch,2020,Violence
1095,The Box,Roddy Ricch,2020,Lust/Sex
1096,Blinding Lights,The Weeknd,2020,Longing for Love
1097,Toosie Slide,Drake,2020,Dancing
1098,THE SCOTTS,Travis Scott & Kid Cudi,2020,Bragging
1098,THE SCOTTS,Travis Scott & Kid Cudi,2020,Badassery
1099,Say So,Doja Cat ft. Nicki Minaj,2020,Lust/Sex
1100,Stuck With U,Ariana Grande & Justin Bieber,2020,Love
1101,Savage,Megan Thee Stallion ft. Beyoncé,2020,Bragging
1101,Savage,Megan Thee Stallion ft. Beyoncé,2020,Badassery
1102,Rain on Me,Lady Gaga & Ariana Grande,2020,Empowerment
1102,Rain on Me,Lady Gaga & Ariana Grande,2020,Hope
1103,ROCKSTAR,DaBaby ft. Roddy Ricch,2020,Death
1103,ROCKSTAR,DaBaby ft. Roddy Ricch,2020,Violence
1103,ROCKSTAR,DaBaby ft. Roddy Ricch,2020,Bragging
1103,ROCKSTAR,DaBaby ft. Roddy Ricch,2020,Murder
1104,TROLLZ,6ix9ine & Nicki Minaj,2020,Violence
1104,TROLLZ,6ix9ine & Nicki Minaj,2020,Bragging
1105,cardigan,Taylor Swift,2020,Lost Love
1106,Watermelon Sugar,Harry Styles,2020,Lust/Sex
1107,WAP,Cardi B ft. Megan Thee Stallion,2020,Lust/Sex
1108,Dynamite,BTS,2020,Partying
1108,Dynamite,BTS,2020,Dancing
1109,FRANCHISE,Travis Scott ft. Young Thug & M.I.A.,2020,Bragging
1109,FRANCHISE,Travis Scott ft. Young Thug & M.I.A.,2020,Badassery
1109,FRANCHISE,Travis Scott ft. Young Thug & M.I.A.,2020,Partying
1110,Savage Love (Laxed - Siren Beat),"Jawsh 685, Jason Derulo, & BTS",2020,Lost Love
1111,Mood,24kGoldn ft. iann dior,2020,Bad Relationships
1112,positions,Ariana Grande,2020,Lust/Sex
1112,positions,Ariana Grande,2020,Love
1113,Life Goes On,BTS,2020,Hope
1114,willow,Taylor Swift,2020,Longing for Love
1114,willow,Taylor Swift,2020,Bad Relationships
1115,drivers license,Olivia Rodrigo,2020,Lost Love
1116,What's Next,Drake,2020,Bragging
1117,Up,Cardi B,2020,Lust/Sex
1117,Up,Cardi B,2020,Bragging
1118,Peaches,Justin Bieber ft. Daniel Caeser & Giveon,2020,Longing for Love
1118,Peaches,Justin Bieber ft. Daniel Caeser & Giveon,2020,Love
1119,MONTERO (Call Me By Your Name),Lil Nas X,2020,Lust/Sex
1120,Leave the Door Open,Silk Sonic,2020,Lust/Sex
1121,RAPSTAR,Polo G,2020,Bragging
1121,RAPSTAR,Polo G,2020,Fame
1121,RAPSTAR,Polo G,2020,Life
1122,Save Your Tears,The Weeknd & Ariana Grande,2020,Getting Back Together
1122,Save Your Tears,The Weeknd & Ariana Grande,2020,Longing for Love
1123,good 4 u,Olivia Rodrigo,2020,Lost Love
1123,good 4 u,Olivia Rodrigo,2020,Bad Relationships
1124,Butter,BTS,2020,Lust/Sex
1124,Butter,BTS,2020,Partying
1124,Butter,BTS,2020,Bragging
1125,Permission to Dance,BTS,2020,Dancing
1126,STAY,The Kid Laroi & Justin Bieber,2020,Lost Love
1127,Way 2 Sexy,Drake ft. Future & Young Thug,2020,Lust/Sex
1127,Way 2 Sexy,Drake ft. Future & Young Thug,2020,Bragging
1128,My Universe,Coldplay & BTS,2020,Love
1129,INDUSTRY BABY,Lil Nas X & Jack Harlow,2020,Bragging
1130,Easy on Me,Adele,2020,Lost Love
1130,Easy on Me,Adele,2020,Lost Innocence
1130,Easy on Me,Adele,2020,Endings/Goodbyes
1131,All Too Well (10 Minute Version),Taylor Swift,2020,Lost Love
1131,All Too Well (10 Minute Version),Taylor Swift,2020,Endings/Goodbyes
1132,We Don't Talk About Bruno,"Carolina Gaitán, Mauro Castillo, Adassa, Rhenzy Feliz, Diane Guerrero, Stephanie Beatriz, and the Encanto cast",2020,Magic
1132,We Don't Talk About Bruno,"Carolina Gaitán, Mauro Castillo, Adassa, Rhenzy Feliz, Diane Guerrero, Stephanie Beatriz, and the Encanto cast",2020,Rain
1133,Heat Waves,Glass Animals,2020,Lost Love
1134,As It Was,Harry Styles,2020,Forbidden Love
1135,First Class,Jack Harlow,2020,Bragging
1135,First Class,Jack Harlow,2020,Lust/Sex
1135,First Class,Jack Harlow,2020,Dreaming
1135,First Class,Jack Harlow,2020,Fame
1135,First Class,Jack Harlow,2020,Resilience
1135,First Class,Jack Harlow,2020,Materialism
1136,WAIT 4 U,Future ft. Drake & Tems,2020,Longing for Love
1136,WAIT 4 U,Future ft. Drake & Tems,2020,Lost Love
1137,Jimmy Cooks,Drake ft. 21 Savage,2020,Lust/Sex
1137,Jimmy Cooks,Drake ft. 21 Savage,2020,Bragging
1138,About Damn Time,Lizzo,2020,Dancing
1138,About Damn Time,Lizzo,2020,Empowerment
1139,BREAK MY SOUL,Beyoncé,2020,Empowerment
1139,BREAK MY SOUL,Beyoncé,2020,Jobs
1139,BREAK MY SOUL,Beyoncé,2020,Resilience
1140,Super Freaky Girl,Nicki Minaj,2020,Lust/Sex
1141,Bad Habit,Steve Lacy,2020,Lost Love
1142,Unholy,Sam Smith & Kim Petras,2020,Lust/Sex
1142,Unholy,Sam Smith & Kim Petras,2020,Forbidden Love
1143,Anti-Hero,Taylor Swift,2020,Escape
1143,Anti-Hero,Taylor Swift,2020,Failure
1143,Anti-Hero,Taylor Swift,2020,Lonesomeness
1144,Flowers,Miley Cyrus,2020,Lost Love
1145,Die for You,The Weeknd & Ariana Grande,2020,Regret
1145,Die for You,The Weeknd & Ariana Grande,2020,Love
1145,Die for You,The Weeknd & Ariana Grande,2020,Longing for Love
1146,Last Night,Morgan Wallen,2020,Lost Love
1146,Last Night,Morgan Wallen,2020,Bad Relationships
1147,Like Crazy,Jimin,2020,Fame
1147,Like Crazy,Jimin,2020,Paranoia
1148,Kill Bill,SZA,2020,Lost Love
1148,Kill Bill,SZA,2020,Murder
1149,vampire,Olivia Rodrigo,2020,Lost Love
1149,vampire,Olivia Rodrigo,2020,Bad Relationships
1150,Seven,Jungkook ft. Latto,2020,Lust/Sex
1151,Try That in a Small Town,Jason Aldean,2020,Home
1151,Try That in a Small Town,Jason Aldean,2020,Respect
1151,Try That in a Small Town,Jason Aldean,2020,Violence
1152,Rich Men North of Richmond,Oliver Anthony Music,2020,Anger
1152,Rich Men North of Richmond,Oliver Anthony Music,2020,Hypocrisy
1152,Rich Men North of Richmond,Oliver Anthony Music,2020,Poverty
1152,Rich Men North of Richmond,Oliver Anthony Music,2020,Survival
1153,I Remember Everything,Zach Bryan ft. Kacey Musgraves,2020,Lost Love
1153,I Remember Everything,Zach Bryan ft. Kacey Musgraves,2020,Escape
1153,I Remember Everything,Zach Bryan ft. Kacey Musgraves,2020,Better Times
1153,I Remember Everything,Zach Bryan ft. Kacey Musgraves,2020,Regret
1154,Paint the Town Red,Doja Cat,2020,Badassery
1154,Paint the Town Red,Doja Cat,2020,Bragging
1154,Paint the Town Red,Doja Cat,2020,Materialism
1154,Paint the Town Red,Doja Cat,2020,Revenge
1155,Slime You Out,Drake ft. SZA,2020,Lust/Sex
1156,First Person Shooter,Drake ft. J Cole,2020,Bragging
1156,First Person Shooter,Drake ft. J Cole,2020,Fame
1157,Cruel Summer,Taylor Swift,2020,Bad Relationships
1158,Is It Over Now?,Taylor Swift,2020,Bad Relationships
1158,Is It Over Now?,Taylor Swift,2020,Infidelity
1158,Is It Over Now?,Taylor Swift,2020,Lost Love
1159,Lovin On Me,Jack Harlow,2020,Lust/Sex
1160,Rockin' Around the Christmas Tree,Brenda Lee,2020,Partying
1160,Rockin' Around the Christmas Tree,Brenda Lee,2020,Christmas
1161,"yes, and?",Ariana Grande,2020,Infidelity
1161,"yes, and?",Ariana Grande,2020,Lust/Sex
1161,"yes, and?",Ariana Grande,2020,Empowerment
1162,HISS,Megan Thee Stallion,2020,Anger
1162,HISS,Megan Thee Stallion,2020,Bragging
1163,TEXAS HOLD 'EM,Beyoncé,2020,Dancing
1163,TEXAS HOLD 'EM,Beyoncé,2020,Partying
1164,CARNIVAL,Kanye West & Ty Dolla $ign ft. Rich the Kid & Playboi Cardi,2020,Lust/Sex
1165,we can't be friends (wait for your love),Ariana Grande,2020,Getting Back Together
1165,we can't be friends (wait for your love),Ariana Grande,2020,Friendship
1166,Lose Control,Teddy Swims,2020,Bad Relationships
1166,Lose Control,Teddy Swims,2020,Lust/Sex
1167,Like That,"Future, Metro Boomin, & Kendrick Lamar",2020,Lust/Sex
1167,Like That,"Future, Metro Boomin, & Kendrick Lamar",2020,Partying
1167,Like That,"Future, Metro Boomin, & Kendrick Lamar",2020,Bragging
1167,Like That,"Future, Metro Boomin, & Kendrick Lamar",2020,Respect
1168,Too Sweet,Hozier,2020,Lust/Sex
1169,Fortnight,Taylor Swift ft. Post Malone,2020,Lost Love
1170,Not Like Us,Kendrick Lamar,2020,Anger
1170,Not Like Us,Kendrick Lamar,2020,Bragging
1170,Not Like Us,Kendrick Lamar,2020,Fighting
1171,I Had Some Help,Post Malone ft. Morgan Wallen,2020,Lost Love
1171,I Had Some Help,Post Malone ft. Morgan Wallen,2020,Bad Relationships
1172,Please Please Please,Sabrina Carpenter,2020,Love
1172,Please Please Please,Sabrina Carpenter,2020,Restlessness
1173,A Bar Song (Tipsy),Shaboozey,2020,Partying
1173,A Bar Song (Tipsy),Shaboozey,2020,Dancing
1174,Love Somebody,Morgan Wallen,2020,Lost Love
1174,Love Somebody,Morgan Wallen,2020,Longing for Love
1175,squabble up,Kendrick Lamar,2020,Bragging
1176,Die with a Smile,Bruno Mars & Lady Gaga,2020,Love
1176,Die with a Smile,Bruno Mars & Lady Gaga,2020,Death
1176,Die with a Smile,Bruno Mars & Lady Gaga,2020,Longing for Love
